2025-07-04 10:23:48.457 [http-nio-8080-exec-9] INFO  c.av.controller.CustomerController - INFO log
2025-07-04 10:23:48.507 [http-nio-8080-exec-9] WARN  c.av.controller.CustomerController - WARN log
2025-07-04 10:23:48.508 [http-nio-8080-exec-9] ERROR c.av.controller.CustomerController - ERROR log
2025-07-04T11:13:23.259+05:30  INFO 21364 --- [adhivedha] [main] c.a.SpringBootDataMongodbApplication     : Starting SpringBootDataMongodbApplication using Java 17.0.14 with PID 21364 (D:\H\av-be\bin\main started by user in D:\H\av-be)
2025-07-04T11:13:23.271+05:30  INFO 21364 --- [adhivedha] [main] c.a.SpringBootDataMongodbApplication     : No active profile set, falling back to 1 default profile: "default"
2025-07-04T11:13:24.202+05:30  INFO 21364 --- [adhivedha] [main] .s.d.r.c.RepositoryConfigurationDelegate : Bootstrapping Spring Data MongoDB repositories in DEFAULT mode.
2025-07-04T11:13:24.285+05:30  INFO 21364 --- [adhivedha] [main] .s.d.r.c.RepositoryConfigurationDelegate : Finished Spring Data repository scanning in 74 ms. Found 4 MongoDB repository interfaces.
2025-07-04T11:13:25.405+05:30  INFO 21364 --- [adhivedha] [main] o.s.b.w.e.t.TomcatWebServer              : Tomcat initialized with port 8080 (http)
2025-07-04T11:13:25.432+05:30  INFO 21364 --- [adhivedha] [main] o.a.c.c.StandardService                  : Starting service [Tomcat]
2025-07-04T11:13:25.433+05:30  INFO 21364 --- [adhivedha] [main] o.a.c.c.StandardEngine                   : Starting Servlet engine: [Apache Tomcat/10.1.34]
2025-07-04T11:13:25.516+05:30  INFO 21364 --- [adhivedha] [main] o.a.c.c.C.[.[.[/]                        : Initializing Spring embedded WebApplicationContext
2025-07-04T11:13:25.516+05:30  INFO 21364 --- [adhivedha] [main] w.s.c.ServletWebServerApplicationContext : Root WebApplicationContext: initialization completed in 2164 ms
2025-07-04T11:13:25.867+05:30  INFO 21364 --- [adhivedha] [main] o.m.d.client                             : MongoClient with metadata {"driver": {"name": "mongo-java-driver|sync|spring-boot", "version": "5.2.1"}, "os": {"type": "Windows", "name": "Windows 11", "architecture": "amd64", "version": "10.0"}, "platform": "Java/Oracle Corporation/17.0.14+8-LTS-191"} created with settings MongoClientSettings{readPreference=primary, writeConcern=WriteConcern{w=null, wTimeout=null ms, journal=null}, retryWrites=true, retryReads=true, readConcern=ReadConcern{level=null}, credential=null, transportSettings=null, commandListeners=[], codecRegistry=ProvidersCodecRegistry{codecProviders=[ValueCodecProvider{}, BsonValueCodecProvider{}, DBRefCodecProvider{}, DBObjectCodecProvider{}, DocumentCodecProvider{}, CollectionCodecProvider{}, IterableCodecProvider{}, MapCodecProvider{}, GeoJsonCodecProvider{}, GridFSFileCodecProvider{}, Jsr310CodecProvider{}, JsonObjectCodecProvider{}, BsonCodecProvider{}, EnumCodecProvider{}, com.mongodb.client.model.mql.ExpressionCodecProvider@6cdee57, com.mongodb.Jep395RecordCodecProvider@482f7af0, com.mongodb.KotlinCodecProvider@1edfedf1]}, loggerSettings=LoggerSettings{maxDocumentLength=1000}, clusterSettings={hosts=[localhost:27017], srvServiceName=mongodb, mode=SINGLE, requiredClusterType=UNKNOWN, requiredReplicaSetName='null', serverSelector='null', clusterListeners='[]', serverSelectionTimeout='30000 ms', localThreshold='15 ms'}, socketSettings=SocketSettings{connectTimeoutMS=10000, readTimeoutMS=0, receiveBufferSize=0, proxySettings=ProxySettings{host=null, port=null, username=null, password=null}}, heartbeatSocketSettings=SocketSettings{connectTimeoutMS=10000, readTimeoutMS=10000, receiveBufferSize=0, proxySettings=ProxySettings{host=null, port=null, username=null, password=null}}, connectionPoolSettings=ConnectionPoolSettings{maxSize=100, minSize=0, maxWaitTimeMS=120000, maxConnectionLifeTimeMS=0, maxConnectionIdleTimeMS=0, maintenanceInitialDelayMS=0, maintenanceFrequencyMS=60000, connectionPoolListeners=[], maxConnecting=2}, serverSettings=ServerSettings{heartbeatFrequencyMS=10000, minHeartbeatFrequencyMS=500, serverMonitoringMode=AUTO, serverListeners='[]', serverMonitorListeners='[]'}, sslSettings=SslSettings{enabled=false, invalidHostNameAllowed=false, context=null}, applicationName='null', compressorList=[], uuidRepresentation=JAVA_LEGACY, serverApi=null, autoEncryptionSettings=null, dnsClient=null, inetAddressResolver=null, contextProvider=null, timeoutMS=null}
2025-07-04T11:13:25.896+05:30  INFO 21364 --- [adhivedha] [cluster-ClusterId{value='686769fda7aefe55f60d5188', description='null'}-localhost:27017] o.m.d.cluster                            : Monitor thread successfully connected to server with description ServerDescription{address=localhost:27017, type=STANDALONE, cryptd=false, state=CONNECTED, ok=true, minWireVersion=0, maxWireVersion=25, maxDocumentSize=16777216, logicalSessionTimeoutMinutes=30, roundTripTimeNanos=31090900, minRoundTripTimeNanos=0}
2025-07-04T11:13:26.621+05:30  INFO 21364 --- [adhivedha] [main] o.s.b.a.w.s.WelcomePageHandlerMapping    : Adding welcome page: class path resource [public/index.html]
2025-07-04T11:13:27.031+05:30  WARN 21364 --- [adhivedha] [main] .s.s.UserDetailsServiceAutoConfiguration : 

Using generated security password: 87879986-fde6-4b81-a039-5be87e87a94f

This generated password is for development use only. Your security configuration must be updated before running your application in production.

2025-07-04T11:13:27.072+05:30  INFO 21364 --- [adhivedha] [main] r$InitializeUserDetailsManagerConfigurer : Global AuthenticationManager configured with UserDetailsService bean with name inMemoryUserDetailsManager
2025-07-04T11:13:27.361+05:30  INFO 21364 --- [adhivedha] [main] o.s.b.w.e.t.TomcatWebServer              : Tomcat started on port 8080 (http) with context path '/'
2025-07-04T11:13:27.372+05:30  INFO 21364 --- [adhivedha] [main] c.a.SpringBootDataMongodbApplication     : Started SpringBootDataMongodbApplication in 4.753 seconds (process running for 6.23)
2025-07-04T11:13:46.454+05:30  INFO 21364 --- [adhivedha] [http-nio-8080-exec-1] o.a.c.c.C.[.[.[/]                        : Initializing Spring DispatcherServlet 'dispatcherServlet'
2025-07-04T11:13:46.455+05:30  INFO 21364 --- [adhivedha] [http-nio-8080-exec-1] o.s.w.s.DispatcherServlet                : Initializing Servlet 'dispatcherServlet'
2025-07-04T11:13:46.456+05:30  INFO 21364 --- [adhivedha] [http-nio-8080-exec-1] o.s.w.s.DispatcherServlet                : Completed initialization in 1 ms
2025-07-04T11:16:57.729+05:30  INFO 21364 --- [adhivedha] [RMI TCP Connection(7)-127.0.0.1] inMXBeanRegistrar$SpringApplicationAdmin : Application shutdown requested.
2025-07-04T11:16:57.734+05:30  INFO 21364 --- [adhivedha] [RMI TCP Connection(7)-127.0.0.1] o.s.b.w.e.t.GracefulShutdown             : Commencing graceful shutdown. Waiting for active requests to complete
2025-07-04T11:16:57.761+05:30  INFO 21364 --- [adhivedha] [tomcat-shutdown] o.s.b.w.e.t.GracefulShutdown             : Graceful shutdown complete
2025-07-04T11:17:13.385+05:30  INFO 25732 --- [adhivedha] [main] c.a.SpringBootDataMongodbApplication     : Starting SpringBootDataMongodbApplication using Java 17.0.14 with PID 25732 (D:\H\av-be\bin\main started by user in D:\H\av-be)
2025-07-04T11:17:13.395+05:30  INFO 25732 --- [adhivedha] [main] c.a.SpringBootDataMongodbApplication     : No active profile set, falling back to 1 default profile: "default"
2025-07-04T11:17:14.119+05:30  INFO 25732 --- [adhivedha] [main] .s.d.r.c.RepositoryConfigurationDelegate : Bootstrapping Spring Data MongoDB repositories in DEFAULT mode.
2025-07-04T11:17:14.194+05:30  INFO 25732 --- [adhivedha] [main] .s.d.r.c.RepositoryConfigurationDelegate : Finished Spring Data repository scanning in 66 ms. Found 4 MongoDB repository interfaces.
2025-07-04T11:17:14.739+05:30  INFO 25732 --- [adhivedha] [main] o.s.b.w.e.t.TomcatWebServer              : Tomcat initialized with port 8080 (http)
2025-07-04T11:17:14.760+05:30  INFO 25732 --- [adhivedha] [main] o.a.c.c.StandardService                  : Starting service [Tomcat]
2025-07-04T11:17:14.761+05:30  INFO 25732 --- [adhivedha] [main] o.a.c.c.StandardEngine                   : Starting Servlet engine: [Apache Tomcat/10.1.34]
2025-07-04T11:17:14.835+05:30  INFO 25732 --- [adhivedha] [main] o.a.c.c.C.[.[.[/]                        : Initializing Spring embedded WebApplicationContext
2025-07-04T11:17:14.836+05:30  INFO 25732 --- [adhivedha] [main] w.s.c.ServletWebServerApplicationContext : Root WebApplicationContext: initialization completed in 1372 ms
2025-07-04T11:17:15.131+05:30  INFO 25732 --- [adhivedha] [main] o.m.d.client                             : MongoClient with metadata {"driver": {"name": "mongo-java-driver|sync|spring-boot", "version": "5.2.1"}, "os": {"type": "Windows", "name": "Windows 11", "architecture": "amd64", "version": "10.0"}, "platform": "Java/Oracle Corporation/17.0.14+8-LTS-191"} created with settings MongoClientSettings{readPreference=primary, writeConcern=WriteConcern{w=null, wTimeout=null ms, journal=null}, retryWrites=true, retryReads=true, readConcern=ReadConcern{level=null}, credential=null, transportSettings=null, commandListeners=[], codecRegistry=ProvidersCodecRegistry{codecProviders=[ValueCodecProvider{}, BsonValueCodecProvider{}, DBRefCodecProvider{}, DBObjectCodecProvider{}, DocumentCodecProvider{}, CollectionCodecProvider{}, IterableCodecProvider{}, MapCodecProvider{}, GeoJsonCodecProvider{}, GridFSFileCodecProvider{}, Jsr310CodecProvider{}, JsonObjectCodecProvider{}, BsonCodecProvider{}, EnumCodecProvider{}, com.mongodb.client.model.mql.ExpressionCodecProvider@1edfedf1, com.mongodb.Jep395RecordCodecProvider@251a90ce, com.mongodb.KotlinCodecProvider@4c4c7d6c]}, loggerSettings=LoggerSettings{maxDocumentLength=1000}, clusterSettings={hosts=[localhost:27017], srvServiceName=mongodb, mode=SINGLE, requiredClusterType=UNKNOWN, requiredReplicaSetName='null', serverSelector='null', clusterListeners='[]', serverSelectionTimeout='30000 ms', localThreshold='15 ms'}, socketSettings=SocketSettings{connectTimeoutMS=10000, readTimeoutMS=0, receiveBufferSize=0, proxySettings=ProxySettings{host=null, port=null, username=null, password=null}}, heartbeatSocketSettings=SocketSettings{connectTimeoutMS=10000, readTimeoutMS=10000, receiveBufferSize=0, proxySettings=ProxySettings{host=null, port=null, username=null, password=null}}, connectionPoolSettings=ConnectionPoolSettings{maxSize=100, minSize=0, maxWaitTimeMS=120000, maxConnectionLifeTimeMS=0, maxConnectionIdleTimeMS=0, maintenanceInitialDelayMS=0, maintenanceFrequencyMS=60000, connectionPoolListeners=[], maxConnecting=2}, serverSettings=ServerSettings{heartbeatFrequencyMS=10000, minHeartbeatFrequencyMS=500, serverMonitoringMode=AUTO, serverListeners='[]', serverMonitorListeners='[]'}, sslSettings=SslSettings{enabled=false, invalidHostNameAllowed=false, context=null}, applicationName='null', compressorList=[], uuidRepresentation=JAVA_LEGACY, serverApi=null, autoEncryptionSettings=null, dnsClient=null, inetAddressResolver=null, contextProvider=null, timeoutMS=null}
2025-07-04T11:17:15.169+05:30  INFO 25732 --- [adhivedha] [cluster-ClusterId{value='68676ae30af0e1153a02314f', description='null'}-localhost:27017] o.m.d.cluster                            : Monitor thread successfully connected to server with description ServerDescription{address=localhost:27017, type=STANDALONE, cryptd=false, state=CONNECTED, ok=true, minWireVersion=0, maxWireVersion=25, maxDocumentSize=16777216, logicalSessionTimeoutMinutes=30, roundTripTimeNanos=41116800, minRoundTripTimeNanos=0}
2025-07-04T11:17:16.214+05:30  INFO 25732 --- [adhivedha] [main] o.s.b.a.w.s.WelcomePageHandlerMapping    : Adding welcome page: class path resource [public/index.html]
2025-07-04T11:17:16.558+05:30  WARN 25732 --- [adhivedha] [main] .s.s.UserDetailsServiceAutoConfiguration : 

Using generated security password: 4c5439d1-3fc1-40a6-853b-c0a41769fd36

This generated password is for development use only. Your security configuration must be updated before running your application in production.

2025-07-04T11:17:16.588+05:30  INFO 25732 --- [adhivedha] [main] r$InitializeUserDetailsManagerConfigurer : Global AuthenticationManager configured with UserDetailsService bean with name inMemoryUserDetailsManager
2025-07-04T11:17:16.806+05:30  INFO 25732 --- [adhivedha] [main] o.s.b.w.e.t.TomcatWebServer              : Tomcat started on port 8080 (http) with context path '/'
2025-07-04T11:17:16.818+05:30  INFO 25732 --- [adhivedha] [main] c.a.SpringBootDataMongodbApplication     : Started SpringBootDataMongodbApplication in 3.992 seconds (process running for 5.048)
2025-07-04T11:17:28.080+05:30  INFO 25732 --- [adhivedha] [http-nio-8080-exec-1] o.a.c.c.C.[.[.[/]                        : Initializing Spring DispatcherServlet 'dispatcherServlet'
2025-07-04T11:17:28.081+05:30  INFO 25732 --- [adhivedha] [http-nio-8080-exec-1] o.s.w.s.DispatcherServlet                : Initializing Servlet 'dispatcherServlet'
2025-07-04T11:17:28.083+05:30  INFO 25732 --- [adhivedha] [http-nio-8080-exec-1] o.s.w.s.DispatcherServlet                : Completed initialization in 1 ms
2025-07-04T11:18:21.654+05:30  INFO 25732 --- [adhivedha] [RMI TCP Connection(3)-127.0.0.1] inMXBeanRegistrar$SpringApplicationAdmin : Application shutdown requested.
2025-07-04T11:18:21.657+05:30  INFO 25732 --- [adhivedha] [RMI TCP Connection(3)-127.0.0.1] o.s.b.w.e.t.GracefulShutdown             : Commencing graceful shutdown. Waiting for active requests to complete
2025-07-04T11:18:21.683+05:30  INFO 25732 --- [adhivedha] [tomcat-shutdown] o.s.b.w.e.t.GracefulShutdown             : Graceful shutdown complete
2025-07-04T11:18:34.248+05:30  INFO 13276 --- [adhivedha] [main] c.a.SpringBootDataMongodbApplication     : Starting SpringBootDataMongodbApplication using Java 17.0.14 with PID 13276 (D:\H\av-be\bin\main started by user in D:\H\av-be)
2025-07-04T11:18:34.258+05:30  INFO 13276 --- [adhivedha] [main] c.a.SpringBootDataMongodbApplication     : No active profile set, falling back to 1 default profile: "default"
2025-07-04T11:18:35.099+05:30  INFO 13276 --- [adhivedha] [main] .s.d.r.c.RepositoryConfigurationDelegate : Bootstrapping Spring Data MongoDB repositories in DEFAULT mode.
2025-07-04T11:18:35.220+05:30  INFO 13276 --- [adhivedha] [main] .s.d.r.c.RepositoryConfigurationDelegate : Finished Spring Data repository scanning in 108 ms. Found 4 MongoDB repository interfaces.
2025-07-04T11:18:35.944+05:30  INFO 13276 --- [adhivedha] [main] o.s.b.w.e.t.TomcatWebServer              : Tomcat initialized with port 8080 (http)
2025-07-04T11:18:35.963+05:30  INFO 13276 --- [adhivedha] [main] o.a.c.c.StandardService                  : Starting service [Tomcat]
2025-07-04T11:18:35.963+05:30  INFO 13276 --- [adhivedha] [main] o.a.c.c.StandardEngine                   : Starting Servlet engine: [Apache Tomcat/10.1.34]
2025-07-04T11:18:36.022+05:30  INFO 13276 --- [adhivedha] [main] o.a.c.c.C.[.[.[/]                        : Initializing Spring embedded WebApplicationContext
2025-07-04T11:18:36.023+05:30  INFO 13276 --- [adhivedha] [main] w.s.c.ServletWebServerApplicationContext : Root WebApplicationContext: initialization completed in 1702 ms
2025-07-04T11:18:36.280+05:30  INFO 13276 --- [adhivedha] [main] o.m.d.client                             : MongoClient with metadata {"driver": {"name": "mongo-java-driver|sync|spring-boot", "version": "5.2.1"}, "os": {"type": "Windows", "name": "Windows 11", "architecture": "amd64", "version": "10.0"}, "platform": "Java/Oracle Corporation/17.0.14+8-LTS-191"} created with settings MongoClientSettings{readPreference=primary, writeConcern=WriteConcern{w=null, wTimeout=null ms, journal=null}, retryWrites=true, retryReads=true, readConcern=ReadConcern{level=null}, credential=null, transportSettings=null, commandListeners=[], codecRegistry=ProvidersCodecRegistry{codecProviders=[ValueCodecProvider{}, BsonValueCodecProvider{}, DBRefCodecProvider{}, DBObjectCodecProvider{}, DocumentCodecProvider{}, CollectionCodecProvider{}, IterableCodecProvider{}, MapCodecProvider{}, GeoJsonCodecProvider{}, GridFSFileCodecProvider{}, Jsr310CodecProvider{}, JsonObjectCodecProvider{}, BsonCodecProvider{}, EnumCodecProvider{}, com.mongodb.client.model.mql.ExpressionCodecProvider@4863c8ac, com.mongodb.Jep395RecordCodecProvider@56fda064, com.mongodb.KotlinCodecProvider@6cdee57]}, loggerSettings=LoggerSettings{maxDocumentLength=1000}, clusterSettings={hosts=[localhost:27017], srvServiceName=mongodb, mode=SINGLE, requiredClusterType=UNKNOWN, requiredReplicaSetName='null', serverSelector='null', clusterListeners='[]', serverSelectionTimeout='30000 ms', localThreshold='15 ms'}, socketSettings=SocketSettings{connectTimeoutMS=10000, readTimeoutMS=0, receiveBufferSize=0, proxySettings=ProxySettings{host=null, port=null, username=null, password=null}}, heartbeatSocketSettings=SocketSettings{connectTimeoutMS=10000, readTimeoutMS=10000, receiveBufferSize=0, proxySettings=ProxySettings{host=null, port=null, username=null, password=null}}, connectionPoolSettings=ConnectionPoolSettings{maxSize=100, minSize=0, maxWaitTimeMS=120000, maxConnectionLifeTimeMS=0, maxConnectionIdleTimeMS=0, maintenanceInitialDelayMS=0, maintenanceFrequencyMS=60000, connectionPoolListeners=[], maxConnecting=2}, serverSettings=ServerSettings{heartbeatFrequencyMS=10000, minHeartbeatFrequencyMS=500, serverMonitoringMode=AUTO, serverListeners='[]', serverMonitorListeners='[]'}, sslSettings=SslSettings{enabled=false, invalidHostNameAllowed=false, context=null}, applicationName='null', compressorList=[], uuidRepresentation=JAVA_LEGACY, serverApi=null, autoEncryptionSettings=null, dnsClient=null, inetAddressResolver=null, contextProvider=null, timeoutMS=null}
2025-07-04T11:18:36.300+05:30  INFO 13276 --- [adhivedha] [cluster-ClusterId{value='68676b343cf3874aaa58523e', description='null'}-localhost:27017] o.m.d.cluster                            : Monitor thread successfully connected to server with description ServerDescription{address=localhost:27017, type=STANDALONE, cryptd=false, state=CONNECTED, ok=true, minWireVersion=0, maxWireVersion=25, maxDocumentSize=16777216, logicalSessionTimeoutMinutes=30, roundTripTimeNanos=24122300, minRoundTripTimeNanos=0}
2025-07-04T11:18:36.898+05:30  INFO 13276 --- [adhivedha] [main] o.s.b.a.w.s.WelcomePageHandlerMapping    : Adding welcome page: class path resource [public/index.html]
2025-07-04T11:18:37.229+05:30  WARN 13276 --- [adhivedha] [main] .s.s.UserDetailsServiceAutoConfiguration : 

Using generated security password: ae94c6f9-4803-4d07-b5b0-0550c3900c16

This generated password is for development use only. Your security configuration must be updated before running your application in production.

2025-07-04T11:18:37.255+05:30  INFO 13276 --- [adhivedha] [main] r$InitializeUserDetailsManagerConfigurer : Global AuthenticationManager configured with UserDetailsService bean with name inMemoryUserDetailsManager
2025-07-04T11:18:37.457+05:30  INFO 13276 --- [adhivedha] [main] o.s.b.w.e.t.TomcatWebServer              : Tomcat started on port 8080 (http) with context path '/'
2025-07-04T11:18:37.467+05:30  INFO 13276 --- [adhivedha] [main] c.a.SpringBootDataMongodbApplication     : Started SpringBootDataMongodbApplication in 3.736 seconds (process running for 4.814)
2025-07-04T11:18:46.144+05:30  INFO 13276 --- [adhivedha] [http-nio-8080-exec-3] o.a.c.c.C.[.[.[/]                        : Initializing Spring DispatcherServlet 'dispatcherServlet'
2025-07-04T11:18:46.144+05:30  INFO 13276 --- [adhivedha] [http-nio-8080-exec-3] o.s.w.s.DispatcherServlet                : Initializing Servlet 'dispatcherServlet'
2025-07-04T11:18:46.146+05:30  INFO 13276 --- [adhivedha] [http-nio-8080-exec-3] o.s.w.s.DispatcherServlet                : Completed initialization in 1 ms
2025-07-04T11:21:00.324+05:30  INFO 18164 --- [adhivedha] [main] c.a.SpringBootDataMongodbApplication     : Starting SpringBootDataMongodbApplication using Java 17.0.14 with PID 18164 (D:\H\av-be\bin\main started by user in D:\H\av-be)
2025-07-04T11:21:00.334+05:30  INFO 18164 --- [adhivedha] [main] c.a.SpringBootDataMongodbApplication     : No active profile set, falling back to 1 default profile: "default"
2025-07-04T11:21:01.149+05:30  INFO 18164 --- [adhivedha] [main] .s.d.r.c.RepositoryConfigurationDelegate : Bootstrapping Spring Data MongoDB repositories in DEFAULT mode.
2025-07-04T11:21:01.235+05:30  INFO 18164 --- [adhivedha] [main] .s.d.r.c.RepositoryConfigurationDelegate : Finished Spring Data repository scanning in 77 ms. Found 4 MongoDB repository interfaces.
2025-07-04T11:21:01.774+05:30  INFO 18164 --- [adhivedha] [main] o.s.b.w.e.t.TomcatWebServer              : Tomcat initialized with port 8080 (http)
2025-07-04T11:21:01.799+05:30  INFO 18164 --- [adhivedha] [main] o.a.c.c.StandardService                  : Starting service [Tomcat]
2025-07-04T11:21:01.799+05:30  INFO 18164 --- [adhivedha] [main] o.a.c.c.StandardEngine                   : Starting Servlet engine: [Apache Tomcat/10.1.34]
2025-07-04T11:21:01.871+05:30  INFO 18164 --- [adhivedha] [main] o.a.c.c.C.[.[.[/]                        : Initializing Spring embedded WebApplicationContext
2025-07-04T11:21:01.872+05:30  INFO 18164 --- [adhivedha] [main] w.s.c.ServletWebServerApplicationContext : Root WebApplicationContext: initialization completed in 1472 ms
2025-07-04T11:21:02.137+05:30  INFO 18164 --- [adhivedha] [main] o.m.d.client                             : MongoClient with metadata {"driver": {"name": "mongo-java-driver|sync|spring-boot", "version": "5.2.1"}, "os": {"type": "Windows", "name": "Windows 11", "architecture": "amd64", "version": "10.0"}, "platform": "Java/Oracle Corporation/17.0.14+8-LTS-191"} created with settings MongoClientSettings{readPreference=primary, writeConcern=WriteConcern{w=null, wTimeout=null ms, journal=null}, retryWrites=true, retryReads=true, readConcern=ReadConcern{level=null}, credential=null, transportSettings=null, commandListeners=[], codecRegistry=ProvidersCodecRegistry{codecProviders=[ValueCodecProvider{}, BsonValueCodecProvider{}, DBRefCodecProvider{}, DBObjectCodecProvider{}, DocumentCodecProvider{}, CollectionCodecProvider{}, IterableCodecProvider{}, MapCodecProvider{}, GeoJsonCodecProvider{}, GridFSFileCodecProvider{}, Jsr310CodecProvider{}, JsonObjectCodecProvider{}, BsonCodecProvider{}, EnumCodecProvider{}, com.mongodb.client.model.mql.ExpressionCodecProvider@482f7af0, com.mongodb.Jep395RecordCodecProvider@1edfedf1, com.mongodb.KotlinCodecProvider@251a90ce]}, loggerSettings=LoggerSettings{maxDocumentLength=1000}, clusterSettings={hosts=[localhost:27017], srvServiceName=mongodb, mode=SINGLE, requiredClusterType=UNKNOWN, requiredReplicaSetName='null', serverSelector='null', clusterListeners='[]', serverSelectionTimeout='30000 ms', localThreshold='15 ms'}, socketSettings=SocketSettings{connectTimeoutMS=10000, readTimeoutMS=0, receiveBufferSize=0, proxySettings=ProxySettings{host=null, port=null, username=null, password=null}}, heartbeatSocketSettings=SocketSettings{connectTimeoutMS=10000, readTimeoutMS=10000, receiveBufferSize=0, proxySettings=ProxySettings{host=null, port=null, username=null, password=null}}, connectionPoolSettings=ConnectionPoolSettings{maxSize=100, minSize=0, maxWaitTimeMS=120000, maxConnectionLifeTimeMS=0, maxConnectionIdleTimeMS=0, maintenanceInitialDelayMS=0, maintenanceFrequencyMS=60000, connectionPoolListeners=[], maxConnecting=2}, serverSettings=ServerSettings{heartbeatFrequencyMS=10000, minHeartbeatFrequencyMS=500, serverMonitoringMode=AUTO, serverListeners='[]', serverMonitorListeners='[]'}, sslSettings=SslSettings{enabled=false, invalidHostNameAllowed=false, context=null}, applicationName='null', compressorList=[], uuidRepresentation=JAVA_LEGACY, serverApi=null, autoEncryptionSettings=null, dnsClient=null, inetAddressResolver=null, contextProvider=null, timeoutMS=null}
2025-07-04T11:21:02.161+05:30  INFO 18164 --- [adhivedha] [cluster-ClusterId{value='68676bc6eb202a3c40b0cbbb', description='null'}-localhost:27017] o.m.d.cluster                            : Monitor thread successfully connected to server with description ServerDescription{address=localhost:27017, type=STANDALONE, cryptd=false, state=CONNECTED, ok=true, minWireVersion=0, maxWireVersion=25, maxDocumentSize=16777216, logicalSessionTimeoutMinutes=30, roundTripTimeNanos=25516300, minRoundTripTimeNanos=0}
2025-07-04T11:21:03.136+05:30  INFO 18164 --- [adhivedha] [main] o.s.b.a.w.s.WelcomePageHandlerMapping    : Adding welcome page: class path resource [public/index.html]
2025-07-04T11:21:03.566+05:30  WARN 18164 --- [adhivedha] [main] .s.s.UserDetailsServiceAutoConfiguration : 

Using generated security password: cee509b0-b682-4b09-96f2-0f7f17dcb237

This generated password is for development use only. Your security configuration must be updated before running your application in production.

2025-07-04T11:21:03.597+05:30  INFO 18164 --- [adhivedha] [main] r$InitializeUserDetailsManagerConfigurer : Global AuthenticationManager configured with UserDetailsService bean with name inMemoryUserDetailsManager
2025-07-04T11:21:03.800+05:30  INFO 18164 --- [adhivedha] [main] o.s.b.w.e.t.TomcatWebServer              : Tomcat started on port 8080 (http) with context path '/'
2025-07-04T11:21:03.812+05:30  INFO 18164 --- [adhivedha] [main] c.a.SpringBootDataMongodbApplication     : Started SpringBootDataMongodbApplication in 4.021 seconds (process running for 5.157)
2025-07-04T11:21:08.828+05:30  INFO 18164 --- [adhivedha] [http-nio-8080-exec-1] o.a.c.c.C.[.[.[/]                        : Initializing Spring DispatcherServlet 'dispatcherServlet'
2025-07-04T11:21:08.829+05:30  INFO 18164 --- [adhivedha] [http-nio-8080-exec-1] o.s.w.s.DispatcherServlet                : Initializing Servlet 'dispatcherServlet'
2025-07-04T11:21:08.837+05:30  INFO 18164 --- [adhivedha] [http-nio-8080-exec-1] o.s.w.s.DispatcherServlet                : Completed initialization in 4 ms
2025-07-04T11:26:57.100+05:30  INFO 852 --- [adhivedha] [main] c.a.SpringBootDataMongodbApplication     : Starting SpringBootDataMongodbApplication using Java 17.0.14 with PID 852 (D:\H\av-be\bin\main started by user in D:\H\av-be)
2025-07-04T11:26:57.114+05:30  INFO 852 --- [adhivedha] [main] c.a.SpringBootDataMongodbApplication     : No active profile set, falling back to 1 default profile: "default"
2025-07-04T11:26:58.066+05:30  INFO 852 --- [adhivedha] [main] .s.d.r.c.RepositoryConfigurationDelegate : Bootstrapping Spring Data MongoDB repositories in DEFAULT mode.
2025-07-04T11:26:58.143+05:30  INFO 852 --- [adhivedha] [main] .s.d.r.c.RepositoryConfigurationDelegate : Finished Spring Data repository scanning in 69 ms. Found 4 MongoDB repository interfaces.
2025-07-04T11:26:58.752+05:30  INFO 852 --- [adhivedha] [main] o.s.b.w.e.t.TomcatWebServer              : Tomcat initialized with port 8080 (http)
2025-07-04T11:26:58.777+05:30  INFO 852 --- [adhivedha] [main] o.a.c.c.StandardService                  : Starting service [Tomcat]
2025-07-04T11:26:58.778+05:30  INFO 852 --- [adhivedha] [main] o.a.c.c.StandardEngine                   : Starting Servlet engine: [Apache Tomcat/10.1.34]
2025-07-04T11:26:58.864+05:30  INFO 852 --- [adhivedha] [main] o.a.c.c.C.[.[.[/]                        : Initializing Spring embedded WebApplicationContext
2025-07-04T11:26:58.864+05:30  INFO 852 --- [adhivedha] [main] w.s.c.ServletWebServerApplicationContext : Root WebApplicationContext: initialization completed in 1668 ms
2025-07-04T11:26:59.216+05:30  INFO 852 --- [adhivedha] [main] o.m.d.client                             : MongoClient with metadata {"driver": {"name": "mongo-java-driver|sync|spring-boot", "version": "5.2.1"}, "os": {"type": "Windows", "name": "Windows 11", "architecture": "amd64", "version": "10.0"}, "platform": "Java/Oracle Corporation/17.0.14+8-LTS-191"} created with settings MongoClientSettings{readPreference=primary, writeConcern=WriteConcern{w=null, wTimeout=null ms, journal=null}, retryWrites=true, retryReads=true, readConcern=ReadConcern{level=null}, credential=null, transportSettings=null, commandListeners=[], codecRegistry=ProvidersCodecRegistry{codecProviders=[ValueCodecProvider{}, BsonValueCodecProvider{}, DBRefCodecProvider{}, DBObjectCodecProvider{}, DocumentCodecProvider{}, CollectionCodecProvider{}, IterableCodecProvider{}, MapCodecProvider{}, GeoJsonCodecProvider{}, GridFSFileCodecProvider{}, Jsr310CodecProvider{}, JsonObjectCodecProvider{}, BsonCodecProvider{}, EnumCodecProvider{}, com.mongodb.client.model.mql.ExpressionCodecProvider@6e3dd5ce, com.mongodb.Jep395RecordCodecProvider@16f7f59f, com.mongodb.KotlinCodecProvider@4ee8051c]}, loggerSettings=LoggerSettings{maxDocumentLength=1000}, clusterSettings={hosts=[localhost:27017], srvServiceName=mongodb, mode=SINGLE, requiredClusterType=UNKNOWN, requiredReplicaSetName='null', serverSelector='null', clusterListeners='[]', serverSelectionTimeout='30000 ms', localThreshold='15 ms'}, socketSettings=SocketSettings{connectTimeoutMS=10000, readTimeoutMS=0, receiveBufferSize=0, proxySettings=ProxySettings{host=null, port=null, username=null, password=null}}, heartbeatSocketSettings=SocketSettings{connectTimeoutMS=10000, readTimeoutMS=10000, receiveBufferSize=0, proxySettings=ProxySettings{host=null, port=null, username=null, password=null}}, connectionPoolSettings=ConnectionPoolSettings{maxSize=100, minSize=0, maxWaitTimeMS=120000, maxConnectionLifeTimeMS=0, maxConnectionIdleTimeMS=0, maintenanceInitialDelayMS=0, maintenanceFrequencyMS=60000, connectionPoolListeners=[], maxConnecting=2}, serverSettings=ServerSettings{heartbeatFrequencyMS=10000, minHeartbeatFrequencyMS=500, serverMonitoringMode=AUTO, serverListeners='[]', serverMonitorListeners='[]'}, sslSettings=SslSettings{enabled=false, invalidHostNameAllowed=false, context=null}, applicationName='null', compressorList=[], uuidRepresentation=JAVA_LEGACY, serverApi=null, autoEncryptionSettings=null, dnsClient=null, inetAddressResolver=null, contextProvider=null, timeoutMS=null}
2025-07-04T11:26:59.245+05:30  INFO 852 --- [adhivedha] [cluster-ClusterId{value='68676d2ba0f4aa25c5cb826f', description='null'}-localhost:27017] o.m.d.cluster                            : Monitor thread successfully connected to server with description ServerDescription{address=localhost:27017, type=STANDALONE, cryptd=false, state=CONNECTED, ok=true, minWireVersion=0, maxWireVersion=25, maxDocumentSize=16777216, logicalSessionTimeoutMinutes=30, roundTripTimeNanos=30434600, minRoundTripTimeNanos=0}
2025-07-04T11:26:59.935+05:30  WARN 852 --- [adhivedha] [main] .s.s.UserDetailsServiceAutoConfiguration : 

Using generated security password: 90d344eb-866d-441b-b8d4-2da1c48ad38a

This generated password is for development use only. Your security configuration must be updated before running your application in production.

2025-07-04T11:26:59.973+05:30  INFO 852 --- [adhivedha] [main] r$InitializeUserDetailsManagerConfigurer : Global AuthenticationManager configured with UserDetailsService bean with name inMemoryUserDetailsManager
2025-07-04T11:27:00.095+05:30  INFO 852 --- [adhivedha] [main] o.s.b.a.w.s.WelcomePageHandlerMapping    : Adding welcome page: class path resource [public/index.html]
2025-07-04T11:27:00.962+05:30  INFO 852 --- [adhivedha] [main] o.s.b.w.e.t.TomcatWebServer              : Tomcat started on port 8080 (http) with context path '/'
2025-07-04T11:27:00.973+05:30  INFO 852 --- [adhivedha] [main] c.a.SpringBootDataMongodbApplication     : Started SpringBootDataMongodbApplication in 4.552 seconds (process running for 5.867)
2025-07-04T11:27:58.035+05:30  INFO 852 --- [adhivedha] [http-nio-8080-exec-2] o.a.c.c.C.[.[.[/]                        : Initializing Spring DispatcherServlet 'dispatcherServlet'
2025-07-04T11:27:58.036+05:30  INFO 852 --- [adhivedha] [http-nio-8080-exec-2] o.s.w.s.DispatcherServlet                : Initializing Servlet 'dispatcherServlet'
2025-07-04T11:27:58.038+05:30  INFO 852 --- [adhivedha] [http-nio-8080-exec-2] o.s.w.s.DispatcherServlet                : Completed initialization in 2 ms
2025-07-04T11:28:03.562+05:30  INFO 852 --- [adhivedha] [http-nio-8080-exec-1] c.a.c.CustomerController                 : INFO log
2025-07-04T11:28:03.563+05:30  WARN 852 --- [adhivedha] [http-nio-8080-exec-1] c.a.c.CustomerController                 : WARN log
2025-07-04T11:28:03.564+05:30 ERROR 852 --- [adhivedha] [http-nio-8080-exec-1] c.a.c.CustomerController                 : ERROR log
2025-07-04T11:28:38.900+05:30  INFO 27376 --- [adhivedha] [main] c.a.SpringBootDataMongodbApplication     : Starting SpringBootDataMongodbApplication using Java 17.0.14 with PID 27376 (D:\H\av-be\bin\main started by user in D:\H\av-be)
2025-07-04T11:28:38.912+05:30  INFO 27376 --- [adhivedha] [main] c.a.SpringBootDataMongodbApplication     : No active profile set, falling back to 1 default profile: "default"
2025-07-04T11:28:39.716+05:30  INFO 27376 --- [adhivedha] [main] .s.d.r.c.RepositoryConfigurationDelegate : Bootstrapping Spring Data MongoDB repositories in DEFAULT mode.
2025-07-04T11:28:39.796+05:30  INFO 27376 --- [adhivedha] [main] .s.d.r.c.RepositoryConfigurationDelegate : Finished Spring Data repository scanning in 72 ms. Found 4 MongoDB repository interfaces.
2025-07-04T11:28:40.361+05:30  INFO 27376 --- [adhivedha] [main] o.s.b.w.e.t.TomcatWebServer              : Tomcat initialized with port 8080 (http)
2025-07-04T11:28:40.383+05:30  INFO 27376 --- [adhivedha] [main] o.a.c.c.StandardService                  : Starting service [Tomcat]
2025-07-04T11:28:40.384+05:30  INFO 27376 --- [adhivedha] [main] o.a.c.c.StandardEngine                   : Starting Servlet engine: [Apache Tomcat/10.1.34]
2025-07-04T11:28:40.456+05:30  INFO 27376 --- [adhivedha] [main] o.a.c.c.C.[.[.[/]                        : Initializing Spring embedded WebApplicationContext
2025-07-04T11:28:40.457+05:30  INFO 27376 --- [adhivedha] [main] w.s.c.ServletWebServerApplicationContext : Root WebApplicationContext: initialization completed in 1472 ms
2025-07-04T11:28:40.752+05:30  INFO 27376 --- [adhivedha] [main] o.m.d.client                             : MongoClient with metadata {"driver": {"name": "mongo-java-driver|sync|spring-boot", "version": "5.2.1"}, "os": {"type": "Windows", "name": "Windows 11", "architecture": "amd64", "version": "10.0"}, "platform": "Java/Oracle Corporation/17.0.14+8-LTS-191"} created with settings MongoClientSettings{readPreference=primary, writeConcern=WriteConcern{w=null, wTimeout=null ms, journal=null}, retryWrites=true, retryReads=true, readConcern=ReadConcern{level=null}, credential=null, transportSettings=null, commandListeners=[], codecRegistry=ProvidersCodecRegistry{codecProviders=[ValueCodecProvider{}, BsonValueCodecProvider{}, DBRefCodecProvider{}, DBObjectCodecProvider{}, DocumentCodecProvider{}, CollectionCodecProvider{}, IterableCodecProvider{}, MapCodecProvider{}, GeoJsonCodecProvider{}, GridFSFileCodecProvider{}, Jsr310CodecProvider{}, JsonObjectCodecProvider{}, BsonCodecProvider{}, EnumCodecProvider{}, com.mongodb.client.model.mql.ExpressionCodecProvider@9b2dc56, com.mongodb.Jep395RecordCodecProvider@621f23ac, com.mongodb.KotlinCodecProvider@7761e342]}, loggerSettings=LoggerSettings{maxDocumentLength=1000}, clusterSettings={hosts=[localhost:27017], srvServiceName=mongodb, mode=SINGLE, requiredClusterType=UNKNOWN, requiredReplicaSetName='null', serverSelector='null', clusterListeners='[]', serverSelectionTimeout='30000 ms', localThreshold='15 ms'}, socketSettings=SocketSettings{connectTimeoutMS=10000, readTimeoutMS=0, receiveBufferSize=0, proxySettings=ProxySettings{host=null, port=null, username=null, password=null}}, heartbeatSocketSettings=SocketSettings{connectTimeoutMS=10000, readTimeoutMS=10000, receiveBufferSize=0, proxySettings=ProxySettings{host=null, port=null, username=null, password=null}}, connectionPoolSettings=ConnectionPoolSettings{maxSize=100, minSize=0, maxWaitTimeMS=120000, maxConnectionLifeTimeMS=0, maxConnectionIdleTimeMS=0, maintenanceInitialDelayMS=0, maintenanceFrequencyMS=60000, connectionPoolListeners=[], maxConnecting=2}, serverSettings=ServerSettings{heartbeatFrequencyMS=10000, minHeartbeatFrequencyMS=500, serverMonitoringMode=AUTO, serverListeners='[]', serverMonitorListeners='[]'}, sslSettings=SslSettings{enabled=false, invalidHostNameAllowed=false, context=null}, applicationName='null', compressorList=[], uuidRepresentation=JAVA_LEGACY, serverApi=null, autoEncryptionSettings=null, dnsClient=null, inetAddressResolver=null, contextProvider=null, timeoutMS=null}
2025-07-04T11:28:40.776+05:30  INFO 27376 --- [adhivedha] [cluster-ClusterId{value='68676d902403b542181fd5e8', description='null'}-localhost:27017] o.m.d.cluster                            : Monitor thread successfully connected to server with description ServerDescription{address=localhost:27017, type=STANDALONE, cryptd=false, state=CONNECTED, ok=true, minWireVersion=0, maxWireVersion=25, maxDocumentSize=16777216, logicalSessionTimeoutMinutes=30, roundTripTimeNanos=25156900, minRoundTripTimeNanos=0}
2025-07-04T11:28:41.519+05:30  WARN 27376 --- [adhivedha] [main] .s.s.UserDetailsServiceAutoConfiguration : 

Using generated security password: 3f3dfecf-8088-4ca2-889c-377016ee457e

This generated password is for development use only. Your security configuration must be updated before running your application in production.

2025-07-04T11:28:41.556+05:30  INFO 27376 --- [adhivedha] [main] r$InitializeUserDetailsManagerConfigurer : Global AuthenticationManager configured with UserDetailsService bean with name inMemoryUserDetailsManager
2025-07-04T11:28:41.652+05:30  INFO 27376 --- [adhivedha] [main] o.s.b.a.w.s.WelcomePageHandlerMapping    : Adding welcome page: class path resource [public/index.html]
2025-07-04T11:28:42.100+05:30  INFO 27376 --- [adhivedha] [main] o.s.b.w.e.t.TomcatWebServer              : Tomcat started on port 8080 (http) with context path '/'
2025-07-04T11:28:42.111+05:30  INFO 27376 --- [adhivedha] [main] c.a.SpringBootDataMongodbApplication     : Started SpringBootDataMongodbApplication in 3.776 seconds (process running for 5.311)
2025-07-04T11:29:04.186+05:30  INFO 27376 --- [adhivedha] [http-nio-8080-exec-1] o.a.c.c.C.[.[.[/]                        : Initializing Spring DispatcherServlet 'dispatcherServlet'
2025-07-04T11:29:04.189+05:30  INFO 27376 --- [adhivedha] [http-nio-8080-exec-1] o.s.w.s.DispatcherServlet                : Initializing Servlet 'dispatcherServlet'
2025-07-04T11:29:04.193+05:30  INFO 27376 --- [adhivedha] [http-nio-8080-exec-1] o.s.w.s.DispatcherServlet                : Completed initialization in 4 ms
2025-07-04T11:29:04.349+05:30  INFO 27376 --- [adhivedha] [http-nio-8080-exec-1] c.a.c.CustomerController                 : INFO log
2025-07-04T11:29:04.351+05:30  WARN 27376 --- [adhivedha] [http-nio-8080-exec-1] c.a.c.CustomerController                 : WARN log
2025-07-04T11:29:04.353+05:30 ERROR 27376 --- [adhivedha] [http-nio-8080-exec-1] c.a.c.CustomerController                 : ERROR log
2025-07-04T11:29:26.231+05:30  INFO 27376 --- [adhivedha] [http-nio-8080-exec-3] c.a.c.CustomerController                 : INFO log
2025-07-04T11:29:26.231+05:30  WARN 27376 --- [adhivedha] [http-nio-8080-exec-3] c.a.c.CustomerController                 : WARN log
2025-07-04T11:29:26.232+05:30 ERROR 27376 --- [adhivedha] [http-nio-8080-exec-3] c.a.c.CustomerController                 : ERROR log
2025-07-04T11:37:01.057+05:30  INFO 26392 --- [adhivedha] [main] c.a.SpringBootDataMongodbApplication     : Starting SpringBootDataMongodbApplication using Java 17.0.14 with PID 26392 (D:\H\av-be\bin\main started by user in D:\H\av-be)
2025-07-04T11:37:01.078+05:30  INFO 26392 --- [adhivedha] [main] c.a.SpringBootDataMongodbApplication     : No active profile set, falling back to 1 default profile: "default"
2025-07-04T11:37:02.043+05:30  INFO 26392 --- [adhivedha] [main] .s.d.r.c.RepositoryConfigurationDelegate : Bootstrapping Spring Data MongoDB repositories in DEFAULT mode.
2025-07-04T11:37:02.127+05:30  INFO 26392 --- [adhivedha] [main] .s.d.r.c.RepositoryConfigurationDelegate : Finished Spring Data repository scanning in 75 ms. Found 4 MongoDB repository interfaces.
2025-07-04T11:37:02.705+05:30  INFO 26392 --- [adhivedha] [main] o.s.b.w.e.t.TomcatWebServer              : Tomcat initialized with port 8080 (http)
2025-07-04T11:37:02.728+05:30  INFO 26392 --- [adhivedha] [main] o.a.c.c.StandardService                  : Starting service [Tomcat]
2025-07-04T11:37:02.729+05:30  INFO 26392 --- [adhivedha] [main] o.a.c.c.StandardEngine                   : Starting Servlet engine: [Apache Tomcat/10.1.34]
2025-07-04T11:37:02.808+05:30  INFO 26392 --- [adhivedha] [main] o.a.c.c.C.[.[.[/]                        : Initializing Spring embedded WebApplicationContext
2025-07-04T11:37:02.808+05:30  INFO 26392 --- [adhivedha] [main] w.s.c.ServletWebServerApplicationContext : Root WebApplicationContext: initialization completed in 1618 ms
2025-07-04T11:37:03.136+05:30  INFO 26392 --- [adhivedha] [main] o.m.d.client                             : MongoClient with metadata {"driver": {"name": "mongo-java-driver|sync|spring-boot", "version": "5.2.1"}, "os": {"type": "Windows", "name": "Windows 11", "architecture": "amd64", "version": "10.0"}, "platform": "Java/Oracle Corporation/17.0.14+8-LTS-191"} created with settings MongoClientSettings{readPreference=primary, writeConcern=WriteConcern{w=null, wTimeout=null ms, journal=null}, retryWrites=true, retryReads=true, readConcern=ReadConcern{level=null}, credential=null, transportSettings=null, commandListeners=[], codecRegistry=ProvidersCodecRegistry{codecProviders=[ValueCodecProvider{}, BsonValueCodecProvider{}, DBRefCodecProvider{}, DBObjectCodecProvider{}, DocumentCodecProvider{}, CollectionCodecProvider{}, IterableCodecProvider{}, MapCodecProvider{}, GeoJsonCodecProvider{}, GridFSFileCodecProvider{}, Jsr310CodecProvider{}, JsonObjectCodecProvider{}, BsonCodecProvider{}, EnumCodecProvider{}, com.mongodb.client.model.mql.ExpressionCodecProvider@621f23ac, com.mongodb.Jep395RecordCodecProvider@7761e342, com.mongodb.KotlinCodecProvider@51f68849]}, loggerSettings=LoggerSettings{maxDocumentLength=1000}, clusterSettings={hosts=[localhost:27017], srvServiceName=mongodb, mode=SINGLE, requiredClusterType=UNKNOWN, requiredReplicaSetName='null', serverSelector='null', clusterListeners='[]', serverSelectionTimeout='30000 ms', localThreshold='15 ms'}, socketSettings=SocketSettings{connectTimeoutMS=10000, readTimeoutMS=0, receiveBufferSize=0, proxySettings=ProxySettings{host=null, port=null, username=null, password=null}}, heartbeatSocketSettings=SocketSettings{connectTimeoutMS=10000, readTimeoutMS=10000, receiveBufferSize=0, proxySettings=ProxySettings{host=null, port=null, username=null, password=null}}, connectionPoolSettings=ConnectionPoolSettings{maxSize=100, minSize=0, maxWaitTimeMS=120000, maxConnectionLifeTimeMS=0, maxConnectionIdleTimeMS=0, maintenanceInitialDelayMS=0, maintenanceFrequencyMS=60000, connectionPoolListeners=[], maxConnecting=2}, serverSettings=ServerSettings{heartbeatFrequencyMS=10000, minHeartbeatFrequencyMS=500, serverMonitoringMode=AUTO, serverListeners='[]', serverMonitorListeners='[]'}, sslSettings=SslSettings{enabled=false, invalidHostNameAllowed=false, context=null}, applicationName='null', compressorList=[], uuidRepresentation=JAVA_LEGACY, serverApi=null, autoEncryptionSettings=null, dnsClient=null, inetAddressResolver=null, contextProvider=null, timeoutMS=null}
2025-07-04T11:37:03.161+05:30  INFO 26392 --- [adhivedha] [cluster-ClusterId{value='68676f8707308e466c595498', description='null'}-localhost:27017] o.m.d.cluster                            : Monitor thread successfully connected to server with description ServerDescription{address=localhost:27017, type=STANDALONE, cryptd=false, state=CONNECTED, ok=true, minWireVersion=0, maxWireVersion=25, maxDocumentSize=16777216, logicalSessionTimeoutMinutes=30, roundTripTimeNanos=28722700, minRoundTripTimeNanos=0}
2025-07-04T11:37:03.824+05:30  WARN 26392 --- [adhivedha] [main] .s.s.UserDetailsServiceAutoConfiguration : 

Using generated security password: c65ffbee-e5a5-47a9-9354-e5dd2e09dec1

This generated password is for development use only. Your security configuration must be updated before running your application in production.

2025-07-04T11:37:03.860+05:30  INFO 26392 --- [adhivedha] [main] r$InitializeUserDetailsManagerConfigurer : Global AuthenticationManager configured with UserDetailsService bean with name inMemoryUserDetailsManager
2025-07-04T11:37:03.956+05:30  INFO 26392 --- [adhivedha] [main] o.s.b.a.w.s.WelcomePageHandlerMapping    : Adding welcome page: class path resource [public/index.html]
2025-07-04T11:37:04.431+05:30  INFO 26392 --- [adhivedha] [main] o.s.b.w.e.t.TomcatWebServer              : Tomcat started on port 8080 (http) with context path '/'
2025-07-04T11:37:04.442+05:30  INFO 26392 --- [adhivedha] [main] c.a.SpringBootDataMongodbApplication     : Started SpringBootDataMongodbApplication in 4.373 seconds (process running for 5.57)
2025-07-04T11:38:09.793+05:30  INFO 26392 --- [adhivedha] [http-nio-8080-exec-1] o.a.c.c.C.[.[.[/]                        : Initializing Spring DispatcherServlet 'dispatcherServlet'
2025-07-04T11:38:09.797+05:30  INFO 26392 --- [adhivedha] [http-nio-8080-exec-1] o.s.w.s.DispatcherServlet                : Initializing Servlet 'dispatcherServlet'
2025-07-04T11:38:09.803+05:30  INFO 26392 --- [adhivedha] [http-nio-8080-exec-1] o.s.w.s.DispatcherServlet                : Completed initialization in 4 ms
2025-07-04T11:38:10.015+05:30  INFO 26392 --- [adhivedha] [http-nio-8080-exec-1] c.a.c.CustomerController                 : INFO log
2025-07-04T11:38:10.015+05:30  WARN 26392 --- [adhivedha] [http-nio-8080-exec-1] c.a.c.CustomerController                 : WARN log
2025-07-04T11:38:10.015+05:30 ERROR 26392 --- [adhivedha] [http-nio-8080-exec-1] c.a.c.CustomerController                 : ERROR log
2025-07-04T11:44:59.744+05:30  INFO 19656 --- [adhivedha] [main] c.a.SpringBootDataMongodbApplication     : Starting SpringBootDataMongodbApplication using Java 17.0.14 with PID 19656 (D:\H\av-be\bin\main started by user in D:\H\av-be)
2025-07-04T11:44:59.756+05:30  INFO 19656 --- [adhivedha] [main] c.a.SpringBootDataMongodbApplication     : No active profile set, falling back to 1 default profile: "default"
2025-07-04T11:45:00.573+05:30  INFO 19656 --- [adhivedha] [main] .s.d.r.c.RepositoryConfigurationDelegate : Bootstrapping Spring Data MongoDB repositories in DEFAULT mode.
2025-07-04T11:45:00.653+05:30  INFO 19656 --- [adhivedha] [main] .s.d.r.c.RepositoryConfigurationDelegate : Finished Spring Data repository scanning in 69 ms. Found 4 MongoDB repository interfaces.
2025-07-04T11:45:01.227+05:30  INFO 19656 --- [adhivedha] [main] o.s.b.w.e.t.TomcatWebServer              : Tomcat initialized with port 8080 (http)
2025-07-04T11:45:01.252+05:30  INFO 19656 --- [adhivedha] [main] o.a.c.c.StandardService                  : Starting service [Tomcat]
2025-07-04T11:45:01.253+05:30  INFO 19656 --- [adhivedha] [main] o.a.c.c.StandardEngine                   : Starting Servlet engine: [Apache Tomcat/10.1.34]
2025-07-04T11:45:01.325+05:30  INFO 19656 --- [adhivedha] [main] o.a.c.c.C.[.[.[/]                        : Initializing Spring embedded WebApplicationContext
2025-07-04T11:45:01.326+05:30  INFO 19656 --- [adhivedha] [main] w.s.c.ServletWebServerApplicationContext : Root WebApplicationContext: initialization completed in 1497 ms
2025-07-04T11:45:01.617+05:30  INFO 19656 --- [adhivedha] [main] o.m.d.client                             : MongoClient with metadata {"driver": {"name": "mongo-java-driver|sync|spring-boot", "version": "5.2.1"}, "os": {"type": "Windows", "name": "Windows 11", "architecture": "amd64", "version": "10.0"}, "platform": "Java/Oracle Corporation/17.0.14+8-LTS-191"} created with settings MongoClientSettings{readPreference=primary, writeConcern=WriteConcern{w=null, wTimeout=null ms, journal=null}, retryWrites=true, retryReads=true, readConcern=ReadConcern{level=null}, credential=null, transportSettings=null, commandListeners=[], codecRegistry=ProvidersCodecRegistry{codecProviders=[ValueCodecProvider{}, BsonValueCodecProvider{}, DBRefCodecProvider{}, DBObjectCodecProvider{}, DocumentCodecProvider{}, CollectionCodecProvider{}, IterableCodecProvider{}, MapCodecProvider{}, GeoJsonCodecProvider{}, GridFSFileCodecProvider{}, Jsr310CodecProvider{}, JsonObjectCodecProvider{}, BsonCodecProvider{}, EnumCodecProvider{}, com.mongodb.client.model.mql.ExpressionCodecProvider@621f23ac, com.mongodb.Jep395RecordCodecProvider@7761e342, com.mongodb.KotlinCodecProvider@51f68849]}, loggerSettings=LoggerSettings{maxDocumentLength=1000}, clusterSettings={hosts=[localhost:27017], srvServiceName=mongodb, mode=SINGLE, requiredClusterType=UNKNOWN, requiredReplicaSetName='null', serverSelector='null', clusterListeners='[]', serverSelectionTimeout='30000 ms', localThreshold='15 ms'}, socketSettings=SocketSettings{connectTimeoutMS=10000, readTimeoutMS=0, receiveBufferSize=0, proxySettings=ProxySettings{host=null, port=null, username=null, password=null}}, heartbeatSocketSettings=SocketSettings{connectTimeoutMS=10000, readTimeoutMS=10000, receiveBufferSize=0, proxySettings=ProxySettings{host=null, port=null, username=null, password=null}}, connectionPoolSettings=ConnectionPoolSettings{maxSize=100, minSize=0, maxWaitTimeMS=120000, maxConnectionLifeTimeMS=0, maxConnectionIdleTimeMS=0, maintenanceInitialDelayMS=0, maintenanceFrequencyMS=60000, connectionPoolListeners=[], maxConnecting=2}, serverSettings=ServerSettings{heartbeatFrequencyMS=10000, minHeartbeatFrequencyMS=500, serverMonitoringMode=AUTO, serverListeners='[]', serverMonitorListeners='[]'}, sslSettings=SslSettings{enabled=false, invalidHostNameAllowed=false, context=null}, applicationName='null', compressorList=[], uuidRepresentation=JAVA_LEGACY, serverApi=null, autoEncryptionSettings=null, dnsClient=null, inetAddressResolver=null, contextProvider=null, timeoutMS=null}
2025-07-04T11:45:01.648+05:30  INFO 19656 --- [adhivedha] [cluster-ClusterId{value='68677165ee67c85480366bdd', description='null'}-localhost:27017] o.m.d.cluster                            : Monitor thread successfully connected to server with description ServerDescription{address=localhost:27017, type=STANDALONE, cryptd=false, state=CONNECTED, ok=true, minWireVersion=0, maxWireVersion=25, maxDocumentSize=16777216, logicalSessionTimeoutMinutes=30, roundTripTimeNanos=32777700, minRoundTripTimeNanos=0}
2025-07-04T11:45:02.372+05:30  WARN 19656 --- [adhivedha] [main] .s.s.UserDetailsServiceAutoConfiguration : 

Using generated security password: c1ae6ee0-97ab-4cef-bb3a-be223699a1ce

This generated password is for development use only. Your security configuration must be updated before running your application in production.

2025-07-04T11:45:02.411+05:30  INFO 19656 --- [adhivedha] [main] r$InitializeUserDetailsManagerConfigurer : Global AuthenticationManager configured with UserDetailsService bean with name inMemoryUserDetailsManager
2025-07-04T11:45:02.506+05:30  INFO 19656 --- [adhivedha] [main] o.s.b.a.w.s.WelcomePageHandlerMapping    : Adding welcome page: class path resource [public/index.html]
2025-07-04T11:45:02.978+05:30  INFO 19656 --- [adhivedha] [main] o.s.b.w.e.t.TomcatWebServer              : Tomcat started on port 8080 (http) with context path '/'
2025-07-04T11:45:02.989+05:30  INFO 19656 --- [adhivedha] [main] c.a.SpringBootDataMongodbApplication     : Started SpringBootDataMongodbApplication in 3.842 seconds (process running for 5.376)
2025-07-04T11:45:16.692+05:30  INFO 19656 --- [adhivedha] [http-nio-8080-exec-4] o.a.c.c.C.[.[.[/]                        : Initializing Spring DispatcherServlet 'dispatcherServlet'
2025-07-04T11:45:16.694+05:30  INFO 19656 --- [adhivedha] [http-nio-8080-exec-4] o.s.w.s.DispatcherServlet                : Initializing Servlet 'dispatcherServlet'
2025-07-04T11:45:16.697+05:30  INFO 19656 --- [adhivedha] [http-nio-8080-exec-4] o.s.w.s.DispatcherServlet                : Completed initialization in 2 ms
2025-07-04T11:45:41.019+05:30 ERROR 19656 --- [adhivedha] [http-nio-8080-exec-1] o.a.c.c.C.[.[.[.[dispatcherServlet]      : Servlet.service() for servlet [dispatcherServlet] in context with path [] threw exception [Request processing failed: java.lang.NullPointerException: Cannot invoke "com.av.services.UserService.checkPassword(String, String)" because "this.userService" is null] with root cause

java.lang.NullPointerException: Cannot invoke "com.av.services.UserService.checkPassword(String, String)" because "this.userService" is null
	at com.av.controller.UserController.login(UserController.java:41) ~[main/:?]
	at java.base/jdk.internal.reflect.NativeMethodAccessorImpl.invoke0(Native Method) ~[?:?]
	at java.base/jdk.internal.reflect.NativeMethodAccessorImpl.invoke(NativeMethodAccessorImpl.java:77) ~[?:?]
	at java.base/jdk.internal.reflect.DelegatingMethodAccessorImpl.invoke(DelegatingMethodAccessorImpl.java:43) ~[?:?]
	at java.base/java.lang.reflect.Method.invoke(Method.java:568) ~[?:?]
	at org.springframework.web.method.support.InvocableHandlerMethod.doInvoke(InvocableHandlerMethod.java:257) ~[spring-web-6.2.1.jar:6.2.1]
	at org.springframework.web.method.support.InvocableHandlerMethod.invokeForRequest(InvocableHandlerMethod.java:190) ~[spring-web-6.2.1.jar:6.2.1]
	at org.springframework.web.servlet.mvc.method.annotation.ServletInvocableHandlerMethod.invokeAndHandle(ServletInvocableHandlerMethod.java:118) ~[spring-webmvc-6.2.1.jar:6.2.1]
	at org.springframework.web.servlet.mvc.method.annotation.RequestMappingHandlerAdapter.invokeHandlerMethod(RequestMappingHandlerAdapter.java:986) ~[spring-webmvc-6.2.1.jar:6.2.1]
	at org.springframework.web.servlet.mvc.method.annotation.RequestMappingHandlerAdapter.handleInternal(RequestMappingHandlerAdapter.java:891) ~[spring-webmvc-6.2.1.jar:6.2.1]
	at org.springframework.web.servlet.mvc.method.AbstractHandlerMethodAdapter.handle(AbstractHandlerMethodAdapter.java:87) ~[spring-webmvc-6.2.1.jar:6.2.1]
	at org.springframework.web.servlet.DispatcherServlet.doDispatch(DispatcherServlet.java:1088) ~[spring-webmvc-6.2.1.jar:6.2.1]
	at org.springframework.web.servlet.DispatcherServlet.doService(DispatcherServlet.java:978) ~[spring-webmvc-6.2.1.jar:6.2.1]
	at org.springframework.web.servlet.FrameworkServlet.processRequest(FrameworkServlet.java:1014) ~[spring-webmvc-6.2.1.jar:6.2.1]
	at org.springframework.web.servlet.FrameworkServlet.doPost(FrameworkServlet.java:914) ~[spring-webmvc-6.2.1.jar:6.2.1]
	at jakarta.servlet.http.HttpServlet.service(HttpServlet.java:590) ~[tomcat-embed-core-10.1.34.jar:6.0]
	at org.springframework.web.servlet.FrameworkServlet.service(FrameworkServlet.java:885) ~[spring-webmvc-6.2.1.jar:6.2.1]
	at jakarta.servlet.http.HttpServlet.service(HttpServlet.java:658) ~[tomcat-embed-core-10.1.34.jar:6.0]
	at org.apache.catalina.core.ApplicationFilterChain.internalDoFilter(ApplicationFilterChain.java:195) ~[tomcat-embed-core-10.1.34.jar:10.1.34]
	at org.apache.catalina.core.ApplicationFilterChain.doFilter(ApplicationFilterChain.java:140) ~[tomcat-embed-core-10.1.34.jar:10.1.34]
	at org.apache.tomcat.websocket.server.WsFilter.doFilter(WsFilter.java:51) ~[tomcat-embed-websocket-10.1.34.jar:10.1.34]
	at org.apache.catalina.core.ApplicationFilterChain.internalDoFilter(ApplicationFilterChain.java:164) ~[tomcat-embed-core-10.1.34.jar:10.1.34]
	at org.apache.catalina.core.ApplicationFilterChain.doFilter(ApplicationFilterChain.java:140) ~[tomcat-embed-core-10.1.34.jar:10.1.34]
	at org.springframework.web.filter.OncePerRequestFilter.doFilter(OncePerRequestFilter.java:110) ~[spring-web-6.2.1.jar:6.2.1]
	at org.apache.catalina.core.ApplicationFilterChain.internalDoFilter(ApplicationFilterChain.java:164) ~[tomcat-embed-core-10.1.34.jar:10.1.34]
	at org.apache.catalina.core.ApplicationFilterChain.doFilter(ApplicationFilterChain.java:140) ~[tomcat-embed-core-10.1.34.jar:10.1.34]
	at org.springframework.web.filter.CompositeFilter$VirtualFilterChain.doFilter(CompositeFilter.java:108) ~[spring-web-6.2.1.jar:6.2.1]
	at org.springframework.security.web.FilterChainProxy.lambda$doFilterInternal$3(FilterChainProxy.java:231) ~[spring-security-web-6.4.2.jar:6.4.2]
	at org.springframework.security.web.FilterChainProxy$VirtualFilterChain.doFilter(FilterChainProxy.java:365) ~[spring-security-web-6.4.2.jar:6.4.2]
	at org.springframework.security.web.access.intercept.AuthorizationFilter.doFilter(AuthorizationFilter.java:101) ~[spring-security-web-6.4.2.jar:6.4.2]
	at org.springframework.security.web.FilterChainProxy$VirtualFilterChain.doFilter(FilterChainProxy.java:374) ~[spring-security-web-6.4.2.jar:6.4.2]
	at org.springframework.security.web.access.ExceptionTranslationFilter.doFilter(ExceptionTranslationFilter.java:126) ~[spring-security-web-6.4.2.jar:6.4.2]
	at org.springframework.security.web.access.ExceptionTranslationFilter.doFilter(ExceptionTranslationFilter.java:120) ~[spring-security-web-6.4.2.jar:6.4.2]
	at org.springframework.security.web.FilterChainProxy$VirtualFilterChain.doFilter(FilterChainProxy.java:374) ~[spring-security-web-6.4.2.jar:6.4.2]
	at org.springframework.security.web.authentication.AnonymousAuthenticationFilter.doFilter(AnonymousAuthenticationFilter.java:100) ~[spring-security-web-6.4.2.jar:6.4.2]
	at org.springframework.security.web.FilterChainProxy$VirtualFilterChain.doFilter(FilterChainProxy.java:374) ~[spring-security-web-6.4.2.jar:6.4.2]
	at org.springframework.security.web.servletapi.SecurityContextHolderAwareRequestFilter.doFilter(SecurityContextHolderAwareRequestFilter.java:179) ~[spring-security-web-6.4.2.jar:6.4.2]
	at org.springframework.security.web.FilterChainProxy$VirtualFilterChain.doFilter(FilterChainProxy.java:374) ~[spring-security-web-6.4.2.jar:6.4.2]
	at org.springframework.security.web.savedrequest.RequestCacheAwareFilter.doFilter(RequestCacheAwareFilter.java:63) ~[spring-security-web-6.4.2.jar:6.4.2]
	at org.springframework.security.web.FilterChainProxy$VirtualFilterChain.doFilter(FilterChainProxy.java:374) ~[spring-security-web-6.4.2.jar:6.4.2]
	at org.springframework.security.web.authentication.logout.LogoutFilter.doFilter(LogoutFilter.java:107) ~[spring-security-web-6.4.2.jar:6.4.2]
	at org.springframework.security.web.authentication.logout.LogoutFilter.doFilter(LogoutFilter.java:93) ~[spring-security-web-6.4.2.jar:6.4.2]
	at org.springframework.security.web.FilterChainProxy$VirtualFilterChain.doFilter(FilterChainProxy.java:374) ~[spring-security-web-6.4.2.jar:6.4.2]
	at org.springframework.web.filter.CorsFilter.doFilterInternal(CorsFilter.java:91) ~[spring-web-6.2.1.jar:6.2.1]
	at org.springframework.web.filter.OncePerRequestFilter.doFilter(OncePerRequestFilter.java:116) ~[spring-web-6.2.1.jar:6.2.1]
	at org.springframework.security.web.FilterChainProxy$VirtualFilterChain.doFilter(FilterChainProxy.java:374) ~[spring-security-web-6.4.2.jar:6.4.2]
	at org.springframework.security.web.header.HeaderWriterFilter.doHeadersAfter(HeaderWriterFilter.java:90) ~[spring-security-web-6.4.2.jar:6.4.2]
	at org.springframework.security.web.header.HeaderWriterFilter.doFilterInternal(HeaderWriterFilter.java:75) ~[spring-security-web-6.4.2.jar:6.4.2]
	at org.springframework.web.filter.OncePerRequestFilter.doFilter(OncePerRequestFilter.java:116) ~[spring-web-6.2.1.jar:6.2.1]
	at org.springframework.security.web.FilterChainProxy$VirtualFilterChain.doFilter(FilterChainProxy.java:374) ~[spring-security-web-6.4.2.jar:6.4.2]
	at org.springframework.security.web.context.SecurityContextHolderFilter.doFilter(SecurityContextHolderFilter.java:82) ~[spring-security-web-6.4.2.jar:6.4.2]
	at org.springframework.security.web.context.SecurityContextHolderFilter.doFilter(SecurityContextHolderFilter.java:69) ~[spring-security-web-6.4.2.jar:6.4.2]
	at org.springframework.security.web.FilterChainProxy$VirtualFilterChain.doFilter(FilterChainProxy.java:374) ~[spring-security-web-6.4.2.jar:6.4.2]
	at org.springframework.security.web.context.request.async.WebAsyncManagerIntegrationFilter.doFilterInternal(WebAsyncManagerIntegrationFilter.java:62) ~[spring-security-web-6.4.2.jar:6.4.2]
	at org.springframework.web.filter.OncePerRequestFilter.doFilter(OncePerRequestFilter.java:116) ~[spring-web-6.2.1.jar:6.2.1]
	at org.springframework.security.web.FilterChainProxy$VirtualFilterChain.doFilter(FilterChainProxy.java:374) ~[spring-security-web-6.4.2.jar:6.4.2]
	at org.springframework.security.web.session.DisableEncodeUrlFilter.doFilterInternal(DisableEncodeUrlFilter.java:42) ~[spring-security-web-6.4.2.jar:6.4.2]
	at org.springframework.web.filter.OncePerRequestFilter.doFilter(OncePerRequestFilter.java:116) ~[spring-web-6.2.1.jar:6.2.1]
	at org.springframework.security.web.FilterChainProxy$VirtualFilterChain.doFilter(FilterChainProxy.java:374) ~[spring-security-web-6.4.2.jar:6.4.2]
	at org.springframework.security.web.FilterChainProxy.doFilterInternal(FilterChainProxy.java:233) ~[spring-security-web-6.4.2.jar:6.4.2]
	at org.springframework.security.web.FilterChainProxy.doFilter(FilterChainProxy.java:191) ~[spring-security-web-6.4.2.jar:6.4.2]
	at org.springframework.web.filter.CompositeFilter$VirtualFilterChain.doFilter(CompositeFilter.java:113) ~[spring-web-6.2.1.jar:6.2.1]
	at org.springframework.web.servlet.handler.HandlerMappingIntrospector.lambda$createCacheFilter$3(HandlerMappingIntrospector.java:243) ~[spring-webmvc-6.2.1.jar:6.2.1]
	at org.springframework.web.filter.CompositeFilter$VirtualFilterChain.doFilter(CompositeFilter.java:113) ~[spring-web-6.2.1.jar:6.2.1]
	at org.springframework.web.filter.CompositeFilter.doFilter(CompositeFilter.java:74) ~[spring-web-6.2.1.jar:6.2.1]
	at org.springframework.security.config.annotation.web.configuration.WebMvcSecurityConfiguration$CompositeFilterChainProxy.doFilter(WebMvcSecurityConfiguration.java:238) ~[spring-security-config-6.4.2.jar:6.4.2]
	at org.springframework.web.filter.DelegatingFilterProxy.invokeDelegate(DelegatingFilterProxy.java:362) ~[spring-web-6.2.1.jar:6.2.1]
	at org.springframework.web.filter.DelegatingFilterProxy.doFilter(DelegatingFilterProxy.java:278) ~[spring-web-6.2.1.jar:6.2.1]
	at org.apache.catalina.core.ApplicationFilterChain.internalDoFilter(ApplicationFilterChain.java:164) ~[tomcat-embed-core-10.1.34.jar:10.1.34]
	at org.apache.catalina.core.ApplicationFilterChain.doFilter(ApplicationFilterChain.java:140) ~[tomcat-embed-core-10.1.34.jar:10.1.34]
	at org.springframework.web.filter.RequestContextFilter.doFilterInternal(RequestContextFilter.java:100) ~[spring-web-6.2.1.jar:6.2.1]
	at org.springframework.web.filter.OncePerRequestFilter.doFilter(OncePerRequestFilter.java:116) ~[spring-web-6.2.1.jar:6.2.1]
	at org.apache.catalina.core.ApplicationFilterChain.internalDoFilter(ApplicationFilterChain.java:164) ~[tomcat-embed-core-10.1.34.jar:10.1.34]
	at org.apache.catalina.core.ApplicationFilterChain.doFilter(ApplicationFilterChain.java:140) ~[tomcat-embed-core-10.1.34.jar:10.1.34]
	at org.springframework.web.filter.FormContentFilter.doFilterInternal(FormContentFilter.java:93) ~[spring-web-6.2.1.jar:6.2.1]
	at org.springframework.web.filter.OncePerRequestFilter.doFilter(OncePerRequestFilter.java:116) ~[spring-web-6.2.1.jar:6.2.1]
	at org.apache.catalina.core.ApplicationFilterChain.internalDoFilter(ApplicationFilterChain.java:164) ~[tomcat-embed-core-10.1.34.jar:10.1.34]
	at org.apache.catalina.core.ApplicationFilterChain.doFilter(ApplicationFilterChain.java:140) ~[tomcat-embed-core-10.1.34.jar:10.1.34]
	at org.springframework.web.filter.CharacterEncodingFilter.doFilterInternal(CharacterEncodingFilter.java:201) ~[spring-web-6.2.1.jar:6.2.1]
	at org.springframework.web.filter.OncePerRequestFilter.doFilter(OncePerRequestFilter.java:116) ~[spring-web-6.2.1.jar:6.2.1]
	at org.apache.catalina.core.ApplicationFilterChain.internalDoFilter(ApplicationFilterChain.java:164) ~[tomcat-embed-core-10.1.34.jar:10.1.34]
	at org.apache.catalina.core.ApplicationFilterChain.doFilter(ApplicationFilterChain.java:140) ~[tomcat-embed-core-10.1.34.jar:10.1.34]
	at org.apache.catalina.core.StandardWrapperValve.invoke(StandardWrapperValve.java:167) [tomcat-embed-core-10.1.34.jar:10.1.34]
	at org.apache.catalina.core.StandardContextValve.invoke(StandardContextValve.java:90) [tomcat-embed-core-10.1.34.jar:10.1.34]
	at org.apache.catalina.authenticator.AuthenticatorBase.invoke(AuthenticatorBase.java:483) [tomcat-embed-core-10.1.34.jar:10.1.34]
	at org.apache.catalina.core.StandardHostValve.invoke(StandardHostValve.java:115) [tomcat-embed-core-10.1.34.jar:10.1.34]
	at org.apache.catalina.valves.ErrorReportValve.invoke(ErrorReportValve.java:93) [tomcat-embed-core-10.1.34.jar:10.1.34]
	at org.apache.catalina.core.StandardEngineValve.invoke(StandardEngineValve.java:74) [tomcat-embed-core-10.1.34.jar:10.1.34]
	at org.apache.catalina.connector.CoyoteAdapter.service(CoyoteAdapter.java:344) [tomcat-embed-core-10.1.34.jar:10.1.34]
	at org.apache.coyote.http11.Http11Processor.service(Http11Processor.java:397) [tomcat-embed-core-10.1.34.jar:10.1.34]
	at org.apache.coyote.AbstractProcessorLight.process(AbstractProcessorLight.java:63) [tomcat-embed-core-10.1.34.jar:10.1.34]
	at org.apache.coyote.AbstractProtocol$ConnectionHandler.process(AbstractProtocol.java:905) [tomcat-embed-core-10.1.34.jar:10.1.34]
	at org.apache.tomcat.util.net.NioEndpoint$SocketProcessor.doRun(NioEndpoint.java:1741) [tomcat-embed-core-10.1.34.jar:10.1.34]
	at org.apache.tomcat.util.net.SocketProcessorBase.run(SocketProcessorBase.java:52) [tomcat-embed-core-10.1.34.jar:10.1.34]
	at org.apache.tomcat.util.threads.ThreadPoolExecutor.runWorker(ThreadPoolExecutor.java:1190) [tomcat-embed-core-10.1.34.jar:10.1.34]
	at org.apache.tomcat.util.threads.ThreadPoolExecutor$Worker.run(ThreadPoolExecutor.java:659) [tomcat-embed-core-10.1.34.jar:10.1.34]
	at org.apache.tomcat.util.threads.TaskThread$WrappingRunnable.run(TaskThread.java:63) [tomcat-embed-core-10.1.34.jar:10.1.34]
	at java.base/java.lang.Thread.run(Thread.java:842) [?:?]

2025-07-04T11:46:26.268+05:30  INFO 26860 --- [adhivedha] [main] c.a.SpringBootDataMongodbApplication     : Starting SpringBootDataMongodbApplication using Java 17.0.14 with PID 26860 (D:\H\av-be\bin\main started by user in D:\H\av-be)
2025-07-04T11:46:26.277+05:30  INFO 26860 --- [adhivedha] [main] c.a.SpringBootDataMongodbApplication     : No active profile set, falling back to 1 default profile: "default"
2025-07-04T11:46:27.049+05:30  INFO 26860 --- [adhivedha] [main] .s.d.r.c.RepositoryConfigurationDelegate : Bootstrapping Spring Data MongoDB repositories in DEFAULT mode.
2025-07-04T11:46:27.121+05:30  INFO 26860 --- [adhivedha] [main] .s.d.r.c.RepositoryConfigurationDelegate : Finished Spring Data repository scanning in 64 ms. Found 4 MongoDB repository interfaces.
2025-07-04T11:46:27.657+05:30  INFO 26860 --- [adhivedha] [main] o.s.b.w.e.t.TomcatWebServer              : Tomcat initialized with port 8080 (http)
2025-07-04T11:46:27.681+05:30  INFO 26860 --- [adhivedha] [main] o.a.c.c.StandardService                  : Starting service [Tomcat]
2025-07-04T11:46:27.682+05:30  INFO 26860 --- [adhivedha] [main] o.a.c.c.StandardEngine                   : Starting Servlet engine: [Apache Tomcat/10.1.34]
2025-07-04T11:46:27.757+05:30  INFO 26860 --- [adhivedha] [main] o.a.c.c.C.[.[.[/]                        : Initializing Spring embedded WebApplicationContext
2025-07-04T11:46:27.758+05:30  INFO 26860 --- [adhivedha] [main] w.s.c.ServletWebServerApplicationContext : Root WebApplicationContext: initialization completed in 1415 ms
2025-07-04T11:46:28.038+05:30  INFO 26860 --- [adhivedha] [main] o.m.d.client                             : MongoClient with metadata {"driver": {"name": "mongo-java-driver|sync|spring-boot", "version": "5.2.1"}, "os": {"type": "Windows", "name": "Windows 11", "architecture": "amd64", "version": "10.0"}, "platform": "Java/Oracle Corporation/17.0.14+8-LTS-191"} created with settings MongoClientSettings{readPreference=primary, writeConcern=WriteConcern{w=null, wTimeout=null ms, journal=null}, retryWrites=true, retryReads=true, readConcern=ReadConcern{level=null}, credential=null, transportSettings=null, commandListeners=[], codecRegistry=ProvidersCodecRegistry{codecProviders=[ValueCodecProvider{}, BsonValueCodecProvider{}, DBRefCodecProvider{}, DBObjectCodecProvider{}, DocumentCodecProvider{}, CollectionCodecProvider{}, IterableCodecProvider{}, MapCodecProvider{}, GeoJsonCodecProvider{}, GridFSFileCodecProvider{}, Jsr310CodecProvider{}, JsonObjectCodecProvider{}, BsonCodecProvider{}, EnumCodecProvider{}, com.mongodb.client.model.mql.ExpressionCodecProvider@2d237460, com.mongodb.Jep395RecordCodecProvider@48f2054d, com.mongodb.KotlinCodecProvider@4b3a01d8]}, loggerSettings=LoggerSettings{maxDocumentLength=1000}, clusterSettings={hosts=[localhost:27017], srvServiceName=mongodb, mode=SINGLE, requiredClusterType=UNKNOWN, requiredReplicaSetName='null', serverSelector='null', clusterListeners='[]', serverSelectionTimeout='30000 ms', localThreshold='15 ms'}, socketSettings=SocketSettings{connectTimeoutMS=10000, readTimeoutMS=0, receiveBufferSize=0, proxySettings=ProxySettings{host=null, port=null, username=null, password=null}}, heartbeatSocketSettings=SocketSettings{connectTimeoutMS=10000, readTimeoutMS=10000, receiveBufferSize=0, proxySettings=ProxySettings{host=null, port=null, username=null, password=null}}, connectionPoolSettings=ConnectionPoolSettings{maxSize=100, minSize=0, maxWaitTimeMS=120000, maxConnectionLifeTimeMS=0, maxConnectionIdleTimeMS=0, maintenanceInitialDelayMS=0, maintenanceFrequencyMS=60000, connectionPoolListeners=[], maxConnecting=2}, serverSettings=ServerSettings{heartbeatFrequencyMS=10000, minHeartbeatFrequencyMS=500, serverMonitoringMode=AUTO, serverListeners='[]', serverMonitorListeners='[]'}, sslSettings=SslSettings{enabled=false, invalidHostNameAllowed=false, context=null}, applicationName='null', compressorList=[], uuidRepresentation=JAVA_LEGACY, serverApi=null, autoEncryptionSettings=null, dnsClient=null, inetAddressResolver=null, contextProvider=null, timeoutMS=null}
2025-07-04T11:46:28.065+05:30  INFO 26860 --- [adhivedha] [cluster-ClusterId{value='686771bbc6be8651e531fc4c', description='null'}-localhost:27017] o.m.d.cluster                            : Monitor thread successfully connected to server with description ServerDescription{address=localhost:27017, type=STANDALONE, cryptd=false, state=CONNECTED, ok=true, minWireVersion=0, maxWireVersion=25, maxDocumentSize=16777216, logicalSessionTimeoutMinutes=30, roundTripTimeNanos=26930100, minRoundTripTimeNanos=0}
2025-07-04T11:46:28.732+05:30  WARN 26860 --- [adhivedha] [main] .s.s.UserDetailsServiceAutoConfiguration : 

Using generated security password: 684ea298-7c2b-44ee-aed7-4f6ee533f8a9

This generated password is for development use only. Your security configuration must be updated before running your application in production.

2025-07-04T11:46:28.769+05:30  INFO 26860 --- [adhivedha] [main] r$InitializeUserDetailsManagerConfigurer : Global AuthenticationManager configured with UserDetailsService bean with name inMemoryUserDetailsManager
2025-07-04T11:46:28.853+05:30  INFO 26860 --- [adhivedha] [main] o.s.b.a.w.s.WelcomePageHandlerMapping    : Adding welcome page: class path resource [public/index.html]
2025-07-04T11:46:29.545+05:30  INFO 26860 --- [adhivedha] [main] o.s.b.w.e.t.TomcatWebServer              : Tomcat started on port 8080 (http) with context path '/'
2025-07-04T11:46:29.568+05:30  INFO 26860 --- [adhivedha] [main] c.a.SpringBootDataMongodbApplication     : Started SpringBootDataMongodbApplication in 3.876 seconds (process running for 4.969)
2025-07-04T11:46:36.673+05:30  INFO 26860 --- [adhivedha] [http-nio-8080-exec-3] o.a.c.c.C.[.[.[/]                        : Initializing Spring DispatcherServlet 'dispatcherServlet'
2025-07-04T11:46:36.674+05:30  INFO 26860 --- [adhivedha] [http-nio-8080-exec-3] o.s.w.s.DispatcherServlet                : Initializing Servlet 'dispatcherServlet'
2025-07-04T11:46:36.676+05:30  INFO 26860 --- [adhivedha] [http-nio-8080-exec-3] o.s.w.s.DispatcherServlet                : Completed initialization in 1 ms
2025-07-04T11:46:41.851+05:30 ERROR 26860 --- [adhivedha] [http-nio-8080-exec-2] o.a.c.c.C.[.[.[.[dispatcherServlet]      : Servlet.service() for servlet [dispatcherServlet] in context with path [] threw exception [Request processing failed: java.lang.NullPointerException: Cannot invoke "com.av.model.User.getPassword()" because the return value of "com.av.repository.UserRepository.findByUsername(String)" is null] with root cause

java.lang.NullPointerException: Cannot invoke "com.av.model.User.getPassword()" because the return value of "com.av.repository.UserRepository.findByUsername(String)" is null
	at com.av.services.UserService.checkPassword(UserService.java:29) ~[main/:?]
	at com.av.controller.UserController.login(UserController.java:41) ~[main/:?]
	at java.base/jdk.internal.reflect.NativeMethodAccessorImpl.invoke0(Native Method) ~[?:?]
	at java.base/jdk.internal.reflect.NativeMethodAccessorImpl.invoke(NativeMethodAccessorImpl.java:77) ~[?:?]
	at java.base/jdk.internal.reflect.DelegatingMethodAccessorImpl.invoke(DelegatingMethodAccessorImpl.java:43) ~[?:?]
	at java.base/java.lang.reflect.Method.invoke(Method.java:568) ~[?:?]
	at org.springframework.web.method.support.InvocableHandlerMethod.doInvoke(InvocableHandlerMethod.java:257) ~[spring-web-6.2.1.jar:6.2.1]
	at org.springframework.web.method.support.InvocableHandlerMethod.invokeForRequest(InvocableHandlerMethod.java:190) ~[spring-web-6.2.1.jar:6.2.1]
	at org.springframework.web.servlet.mvc.method.annotation.ServletInvocableHandlerMethod.invokeAndHandle(ServletInvocableHandlerMethod.java:118) ~[spring-webmvc-6.2.1.jar:6.2.1]
	at org.springframework.web.servlet.mvc.method.annotation.RequestMappingHandlerAdapter.invokeHandlerMethod(RequestMappingHandlerAdapter.java:986) ~[spring-webmvc-6.2.1.jar:6.2.1]
	at org.springframework.web.servlet.mvc.method.annotation.RequestMappingHandlerAdapter.handleInternal(RequestMappingHandlerAdapter.java:891) ~[spring-webmvc-6.2.1.jar:6.2.1]
	at org.springframework.web.servlet.mvc.method.AbstractHandlerMethodAdapter.handle(AbstractHandlerMethodAdapter.java:87) ~[spring-webmvc-6.2.1.jar:6.2.1]
	at org.springframework.web.servlet.DispatcherServlet.doDispatch(DispatcherServlet.java:1088) ~[spring-webmvc-6.2.1.jar:6.2.1]
	at org.springframework.web.servlet.DispatcherServlet.doService(DispatcherServlet.java:978) ~[spring-webmvc-6.2.1.jar:6.2.1]
	at org.springframework.web.servlet.FrameworkServlet.processRequest(FrameworkServlet.java:1014) ~[spring-webmvc-6.2.1.jar:6.2.1]
	at org.springframework.web.servlet.FrameworkServlet.doPost(FrameworkServlet.java:914) ~[spring-webmvc-6.2.1.jar:6.2.1]
	at jakarta.servlet.http.HttpServlet.service(HttpServlet.java:590) ~[tomcat-embed-core-10.1.34.jar:6.0]
	at org.springframework.web.servlet.FrameworkServlet.service(FrameworkServlet.java:885) ~[spring-webmvc-6.2.1.jar:6.2.1]
	at jakarta.servlet.http.HttpServlet.service(HttpServlet.java:658) ~[tomcat-embed-core-10.1.34.jar:6.0]
	at org.apache.catalina.core.ApplicationFilterChain.internalDoFilter(ApplicationFilterChain.java:195) ~[tomcat-embed-core-10.1.34.jar:10.1.34]
	at org.apache.catalina.core.ApplicationFilterChain.doFilter(ApplicationFilterChain.java:140) ~[tomcat-embed-core-10.1.34.jar:10.1.34]
	at org.apache.tomcat.websocket.server.WsFilter.doFilter(WsFilter.java:51) ~[tomcat-embed-websocket-10.1.34.jar:10.1.34]
	at org.apache.catalina.core.ApplicationFilterChain.internalDoFilter(ApplicationFilterChain.java:164) ~[tomcat-embed-core-10.1.34.jar:10.1.34]
	at org.apache.catalina.core.ApplicationFilterChain.doFilter(ApplicationFilterChain.java:140) ~[tomcat-embed-core-10.1.34.jar:10.1.34]
	at org.springframework.web.filter.OncePerRequestFilter.doFilter(OncePerRequestFilter.java:110) ~[spring-web-6.2.1.jar:6.2.1]
	at org.apache.catalina.core.ApplicationFilterChain.internalDoFilter(ApplicationFilterChain.java:164) ~[tomcat-embed-core-10.1.34.jar:10.1.34]
	at org.apache.catalina.core.ApplicationFilterChain.doFilter(ApplicationFilterChain.java:140) ~[tomcat-embed-core-10.1.34.jar:10.1.34]
	at org.springframework.web.filter.CompositeFilter$VirtualFilterChain.doFilter(CompositeFilter.java:108) ~[spring-web-6.2.1.jar:6.2.1]
	at org.springframework.security.web.FilterChainProxy.lambda$doFilterInternal$3(FilterChainProxy.java:231) ~[spring-security-web-6.4.2.jar:6.4.2]
	at org.springframework.security.web.FilterChainProxy$VirtualFilterChain.doFilter(FilterChainProxy.java:365) ~[spring-security-web-6.4.2.jar:6.4.2]
	at org.springframework.security.web.access.intercept.AuthorizationFilter.doFilter(AuthorizationFilter.java:101) ~[spring-security-web-6.4.2.jar:6.4.2]
	at org.springframework.security.web.FilterChainProxy$VirtualFilterChain.doFilter(FilterChainProxy.java:374) ~[spring-security-web-6.4.2.jar:6.4.2]
	at org.springframework.security.web.access.ExceptionTranslationFilter.doFilter(ExceptionTranslationFilter.java:126) ~[spring-security-web-6.4.2.jar:6.4.2]
	at org.springframework.security.web.access.ExceptionTranslationFilter.doFilter(ExceptionTranslationFilter.java:120) ~[spring-security-web-6.4.2.jar:6.4.2]
	at org.springframework.security.web.FilterChainProxy$VirtualFilterChain.doFilter(FilterChainProxy.java:374) ~[spring-security-web-6.4.2.jar:6.4.2]
	at org.springframework.security.web.authentication.AnonymousAuthenticationFilter.doFilter(AnonymousAuthenticationFilter.java:100) ~[spring-security-web-6.4.2.jar:6.4.2]
	at org.springframework.security.web.FilterChainProxy$VirtualFilterChain.doFilter(FilterChainProxy.java:374) ~[spring-security-web-6.4.2.jar:6.4.2]
	at org.springframework.security.web.servletapi.SecurityContextHolderAwareRequestFilter.doFilter(SecurityContextHolderAwareRequestFilter.java:179) ~[spring-security-web-6.4.2.jar:6.4.2]
	at org.springframework.security.web.FilterChainProxy$VirtualFilterChain.doFilter(FilterChainProxy.java:374) ~[spring-security-web-6.4.2.jar:6.4.2]
	at org.springframework.security.web.savedrequest.RequestCacheAwareFilter.doFilter(RequestCacheAwareFilter.java:63) ~[spring-security-web-6.4.2.jar:6.4.2]
	at org.springframework.security.web.FilterChainProxy$VirtualFilterChain.doFilter(FilterChainProxy.java:374) ~[spring-security-web-6.4.2.jar:6.4.2]
	at org.springframework.security.web.authentication.logout.LogoutFilter.doFilter(LogoutFilter.java:107) ~[spring-security-web-6.4.2.jar:6.4.2]
	at org.springframework.security.web.authentication.logout.LogoutFilter.doFilter(LogoutFilter.java:93) ~[spring-security-web-6.4.2.jar:6.4.2]
	at org.springframework.security.web.FilterChainProxy$VirtualFilterChain.doFilter(FilterChainProxy.java:374) ~[spring-security-web-6.4.2.jar:6.4.2]
	at org.springframework.web.filter.CorsFilter.doFilterInternal(CorsFilter.java:91) ~[spring-web-6.2.1.jar:6.2.1]
	at org.springframework.web.filter.OncePerRequestFilter.doFilter(OncePerRequestFilter.java:116) ~[spring-web-6.2.1.jar:6.2.1]
	at org.springframework.security.web.FilterChainProxy$VirtualFilterChain.doFilter(FilterChainProxy.java:374) ~[spring-security-web-6.4.2.jar:6.4.2]
	at org.springframework.security.web.header.HeaderWriterFilter.doHeadersAfter(HeaderWriterFilter.java:90) ~[spring-security-web-6.4.2.jar:6.4.2]
	at org.springframework.security.web.header.HeaderWriterFilter.doFilterInternal(HeaderWriterFilter.java:75) ~[spring-security-web-6.4.2.jar:6.4.2]
	at org.springframework.web.filter.OncePerRequestFilter.doFilter(OncePerRequestFilter.java:116) ~[spring-web-6.2.1.jar:6.2.1]
	at org.springframework.security.web.FilterChainProxy$VirtualFilterChain.doFilter(FilterChainProxy.java:374) ~[spring-security-web-6.4.2.jar:6.4.2]
	at org.springframework.security.web.context.SecurityContextHolderFilter.doFilter(SecurityContextHolderFilter.java:82) ~[spring-security-web-6.4.2.jar:6.4.2]
	at org.springframework.security.web.context.SecurityContextHolderFilter.doFilter(SecurityContextHolderFilter.java:69) ~[spring-security-web-6.4.2.jar:6.4.2]
	at org.springframework.security.web.FilterChainProxy$VirtualFilterChain.doFilter(FilterChainProxy.java:374) ~[spring-security-web-6.4.2.jar:6.4.2]
	at org.springframework.security.web.context.request.async.WebAsyncManagerIntegrationFilter.doFilterInternal(WebAsyncManagerIntegrationFilter.java:62) ~[spring-security-web-6.4.2.jar:6.4.2]
	at org.springframework.web.filter.OncePerRequestFilter.doFilter(OncePerRequestFilter.java:116) ~[spring-web-6.2.1.jar:6.2.1]
	at org.springframework.security.web.FilterChainProxy$VirtualFilterChain.doFilter(FilterChainProxy.java:374) ~[spring-security-web-6.4.2.jar:6.4.2]
	at org.springframework.security.web.session.DisableEncodeUrlFilter.doFilterInternal(DisableEncodeUrlFilter.java:42) ~[spring-security-web-6.4.2.jar:6.4.2]
	at org.springframework.web.filter.OncePerRequestFilter.doFilter(OncePerRequestFilter.java:116) ~[spring-web-6.2.1.jar:6.2.1]
	at org.springframework.security.web.FilterChainProxy$VirtualFilterChain.doFilter(FilterChainProxy.java:374) ~[spring-security-web-6.4.2.jar:6.4.2]
	at org.springframework.security.web.FilterChainProxy.doFilterInternal(FilterChainProxy.java:233) ~[spring-security-web-6.4.2.jar:6.4.2]
	at org.springframework.security.web.FilterChainProxy.doFilter(FilterChainProxy.java:191) ~[spring-security-web-6.4.2.jar:6.4.2]
	at org.springframework.web.filter.CompositeFilter$VirtualFilterChain.doFilter(CompositeFilter.java:113) ~[spring-web-6.2.1.jar:6.2.1]
	at org.springframework.web.servlet.handler.HandlerMappingIntrospector.lambda$createCacheFilter$3(HandlerMappingIntrospector.java:243) ~[spring-webmvc-6.2.1.jar:6.2.1]
	at org.springframework.web.filter.CompositeFilter$VirtualFilterChain.doFilter(CompositeFilter.java:113) ~[spring-web-6.2.1.jar:6.2.1]
	at org.springframework.web.filter.CompositeFilter.doFilter(CompositeFilter.java:74) ~[spring-web-6.2.1.jar:6.2.1]
	at org.springframework.security.config.annotation.web.configuration.WebMvcSecurityConfiguration$CompositeFilterChainProxy.doFilter(WebMvcSecurityConfiguration.java:238) ~[spring-security-config-6.4.2.jar:6.4.2]
	at org.springframework.web.filter.DelegatingFilterProxy.invokeDelegate(DelegatingFilterProxy.java:362) ~[spring-web-6.2.1.jar:6.2.1]
	at org.springframework.web.filter.DelegatingFilterProxy.doFilter(DelegatingFilterProxy.java:278) ~[spring-web-6.2.1.jar:6.2.1]
	at org.apache.catalina.core.ApplicationFilterChain.internalDoFilter(ApplicationFilterChain.java:164) ~[tomcat-embed-core-10.1.34.jar:10.1.34]
	at org.apache.catalina.core.ApplicationFilterChain.doFilter(ApplicationFilterChain.java:140) ~[tomcat-embed-core-10.1.34.jar:10.1.34]
	at org.springframework.web.filter.RequestContextFilter.doFilterInternal(RequestContextFilter.java:100) ~[spring-web-6.2.1.jar:6.2.1]
	at org.springframework.web.filter.OncePerRequestFilter.doFilter(OncePerRequestFilter.java:116) ~[spring-web-6.2.1.jar:6.2.1]
	at org.apache.catalina.core.ApplicationFilterChain.internalDoFilter(ApplicationFilterChain.java:164) ~[tomcat-embed-core-10.1.34.jar:10.1.34]
	at org.apache.catalina.core.ApplicationFilterChain.doFilter(ApplicationFilterChain.java:140) ~[tomcat-embed-core-10.1.34.jar:10.1.34]
	at org.springframework.web.filter.FormContentFilter.doFilterInternal(FormContentFilter.java:93) ~[spring-web-6.2.1.jar:6.2.1]
	at org.springframework.web.filter.OncePerRequestFilter.doFilter(OncePerRequestFilter.java:116) ~[spring-web-6.2.1.jar:6.2.1]
	at org.apache.catalina.core.ApplicationFilterChain.internalDoFilter(ApplicationFilterChain.java:164) ~[tomcat-embed-core-10.1.34.jar:10.1.34]
	at org.apache.catalina.core.ApplicationFilterChain.doFilter(ApplicationFilterChain.java:140) ~[tomcat-embed-core-10.1.34.jar:10.1.34]
	at org.springframework.web.filter.CharacterEncodingFilter.doFilterInternal(CharacterEncodingFilter.java:201) ~[spring-web-6.2.1.jar:6.2.1]
	at org.springframework.web.filter.OncePerRequestFilter.doFilter(OncePerRequestFilter.java:116) ~[spring-web-6.2.1.jar:6.2.1]
	at org.apache.catalina.core.ApplicationFilterChain.internalDoFilter(ApplicationFilterChain.java:164) ~[tomcat-embed-core-10.1.34.jar:10.1.34]
	at org.apache.catalina.core.ApplicationFilterChain.doFilter(ApplicationFilterChain.java:140) ~[tomcat-embed-core-10.1.34.jar:10.1.34]
	at org.apache.catalina.core.StandardWrapperValve.invoke(StandardWrapperValve.java:167) [tomcat-embed-core-10.1.34.jar:10.1.34]
	at org.apache.catalina.core.StandardContextValve.invoke(StandardContextValve.java:90) [tomcat-embed-core-10.1.34.jar:10.1.34]
	at org.apache.catalina.authenticator.AuthenticatorBase.invoke(AuthenticatorBase.java:483) [tomcat-embed-core-10.1.34.jar:10.1.34]
	at org.apache.catalina.core.StandardHostValve.invoke(StandardHostValve.java:115) [tomcat-embed-core-10.1.34.jar:10.1.34]
	at org.apache.catalina.valves.ErrorReportValve.invoke(ErrorReportValve.java:93) [tomcat-embed-core-10.1.34.jar:10.1.34]
	at org.apache.catalina.core.StandardEngineValve.invoke(StandardEngineValve.java:74) [tomcat-embed-core-10.1.34.jar:10.1.34]
	at org.apache.catalina.connector.CoyoteAdapter.service(CoyoteAdapter.java:344) [tomcat-embed-core-10.1.34.jar:10.1.34]
	at org.apache.coyote.http11.Http11Processor.service(Http11Processor.java:397) [tomcat-embed-core-10.1.34.jar:10.1.34]
	at org.apache.coyote.AbstractProcessorLight.process(AbstractProcessorLight.java:63) [tomcat-embed-core-10.1.34.jar:10.1.34]
	at org.apache.coyote.AbstractProtocol$ConnectionHandler.process(AbstractProtocol.java:905) [tomcat-embed-core-10.1.34.jar:10.1.34]
	at org.apache.tomcat.util.net.NioEndpoint$SocketProcessor.doRun(NioEndpoint.java:1741) [tomcat-embed-core-10.1.34.jar:10.1.34]
	at org.apache.tomcat.util.net.SocketProcessorBase.run(SocketProcessorBase.java:52) [tomcat-embed-core-10.1.34.jar:10.1.34]
	at org.apache.tomcat.util.threads.ThreadPoolExecutor.runWorker(ThreadPoolExecutor.java:1190) [tomcat-embed-core-10.1.34.jar:10.1.34]
	at org.apache.tomcat.util.threads.ThreadPoolExecutor$Worker.run(ThreadPoolExecutor.java:659) [tomcat-embed-core-10.1.34.jar:10.1.34]
	at org.apache.tomcat.util.threads.TaskThread$WrappingRunnable.run(TaskThread.java:63) [tomcat-embed-core-10.1.34.jar:10.1.34]
	at java.base/java.lang.Thread.run(Thread.java:842) [?:?]

2025-07-04T11:49:43.505+05:30  INFO 21520 --- [adhivedha] [main] c.a.SpringBootDataMongodbApplication     : Starting SpringBootDataMongodbApplication using Java 17.0.14 with PID 21520 (D:\H\av-be\bin\main started by user in D:\H\av-be)
2025-07-04T11:49:43.518+05:30  INFO 21520 --- [adhivedha] [main] c.a.SpringBootDataMongodbApplication     : No active profile set, falling back to 1 default profile: "default"
2025-07-04T11:49:44.317+05:30  INFO 21520 --- [adhivedha] [main] .s.d.r.c.RepositoryConfigurationDelegate : Bootstrapping Spring Data MongoDB repositories in DEFAULT mode.
2025-07-04T11:49:44.388+05:30  INFO 21520 --- [adhivedha] [main] .s.d.r.c.RepositoryConfigurationDelegate : Finished Spring Data repository scanning in 63 ms. Found 4 MongoDB repository interfaces.
2025-07-04T11:49:44.939+05:30  INFO 21520 --- [adhivedha] [main] o.s.b.w.e.t.TomcatWebServer              : Tomcat initialized with port 8080 (http)
2025-07-04T11:49:44.962+05:30  INFO 21520 --- [adhivedha] [main] o.a.c.c.StandardService                  : Starting service [Tomcat]
2025-07-04T11:49:44.963+05:30  INFO 21520 --- [adhivedha] [main] o.a.c.c.StandardEngine                   : Starting Servlet engine: [Apache Tomcat/10.1.34]
2025-07-04T11:49:45.043+05:30  INFO 21520 --- [adhivedha] [main] o.a.c.c.C.[.[.[/]                        : Initializing Spring embedded WebApplicationContext
2025-07-04T11:49:45.043+05:30  INFO 21520 --- [adhivedha] [main] w.s.c.ServletWebServerApplicationContext : Root WebApplicationContext: initialization completed in 1437 ms
2025-07-04T11:49:45.533+05:30  INFO 21520 --- [adhivedha] [main] o.m.d.client                             : MongoClient with metadata {"driver": {"name": "mongo-java-driver|sync|spring-boot", "version": "5.2.1"}, "os": {"type": "Windows", "name": "Windows 11", "architecture": "amd64", "version": "10.0"}, "platform": "Java/Oracle Corporation/17.0.14+8-LTS-191"} created with settings MongoClientSettings{readPreference=primary, writeConcern=WriteConcern{w=null, wTimeout=null ms, journal=null}, retryWrites=true, retryReads=true, readConcern=ReadConcern{level=null}, credential=null, transportSettings=null, commandListeners=[], codecRegistry=ProvidersCodecRegistry{codecProviders=[ValueCodecProvider{}, BsonValueCodecProvider{}, DBRefCodecProvider{}, DBObjectCodecProvider{}, DocumentCodecProvider{}, CollectionCodecProvider{}, IterableCodecProvider{}, MapCodecProvider{}, GeoJsonCodecProvider{}, GridFSFileCodecProvider{}, Jsr310CodecProvider{}, JsonObjectCodecProvider{}, BsonCodecProvider{}, EnumCodecProvider{}, com.mongodb.client.model.mql.ExpressionCodecProvider@2e0ad709, com.mongodb.Jep395RecordCodecProvider@1fe8f5e8, com.mongodb.KotlinCodecProvider@39449465]}, loggerSettings=LoggerSettings{maxDocumentLength=1000}, clusterSettings={hosts=[localhost:27017], srvServiceName=mongodb, mode=SINGLE, requiredClusterType=UNKNOWN, requiredReplicaSetName='null', serverSelector='null', clusterListeners='[]', serverSelectionTimeout='30000 ms', localThreshold='15 ms'}, socketSettings=SocketSettings{connectTimeoutMS=10000, readTimeoutMS=0, receiveBufferSize=0, proxySettings=ProxySettings{host=null, port=null, username=null, password=null}}, heartbeatSocketSettings=SocketSettings{connectTimeoutMS=10000, readTimeoutMS=10000, receiveBufferSize=0, proxySettings=ProxySettings{host=null, port=null, username=null, password=null}}, connectionPoolSettings=ConnectionPoolSettings{maxSize=100, minSize=0, maxWaitTimeMS=120000, maxConnectionLifeTimeMS=0, maxConnectionIdleTimeMS=0, maintenanceInitialDelayMS=0, maintenanceFrequencyMS=60000, connectionPoolListeners=[], maxConnecting=2}, serverSettings=ServerSettings{heartbeatFrequencyMS=10000, minHeartbeatFrequencyMS=500, serverMonitoringMode=AUTO, serverListeners='[]', serverMonitorListeners='[]'}, sslSettings=SslSettings{enabled=false, invalidHostNameAllowed=false, context=null}, applicationName='null', compressorList=[], uuidRepresentation=JAVA_LEGACY, serverApi=null, autoEncryptionSettings=null, dnsClient=null, inetAddressResolver=null, contextProvider=null, timeoutMS=null}
2025-07-04T11:49:45.560+05:30  INFO 21520 --- [adhivedha] [cluster-ClusterId{value='68677281e793de39524fc264', description='null'}-localhost:27017] o.m.d.cluster                            : Monitor thread successfully connected to server with description ServerDescription{address=localhost:27017, type=STANDALONE, cryptd=false, state=CONNECTED, ok=true, minWireVersion=0, maxWireVersion=25, maxDocumentSize=16777216, logicalSessionTimeoutMinutes=30, roundTripTimeNanos=37873700, minRoundTripTimeNanos=0}
2025-07-04T11:49:46.856+05:30  WARN 21520 --- [adhivedha] [main] .s.s.UserDetailsServiceAutoConfiguration : 

Using generated security password: 2cf9da65-8c93-4d2b-babb-8362ca5b3343

This generated password is for development use only. Your security configuration must be updated before running your application in production.

2025-07-04T11:49:46.903+05:30  INFO 21520 --- [adhivedha] [main] r$InitializeUserDetailsManagerConfigurer : Global AuthenticationManager configured with UserDetailsService bean with name inMemoryUserDetailsManager
2025-07-04T11:49:47.044+05:30  INFO 21520 --- [adhivedha] [main] o.s.b.a.w.s.WelcomePageHandlerMapping    : Adding welcome page: class path resource [public/index.html]
2025-07-04T11:49:47.712+05:30  INFO 21520 --- [adhivedha] [main] o.s.b.w.e.t.TomcatWebServer              : Tomcat started on port 8080 (http) with context path '/'
2025-07-04T11:49:47.730+05:30  INFO 21520 --- [adhivedha] [main] c.a.SpringBootDataMongodbApplication     : Started SpringBootDataMongodbApplication in 4.775 seconds (process running for 5.944)
2025-07-04T11:50:01.710+05:30  INFO 21520 --- [adhivedha] [http-nio-8080-exec-1] o.a.c.c.C.[.[.[/]                        : Initializing Spring DispatcherServlet 'dispatcherServlet'
2025-07-04T11:50:01.711+05:30  INFO 21520 --- [adhivedha] [http-nio-8080-exec-1] o.s.w.s.DispatcherServlet                : Initializing Servlet 'dispatcherServlet'
2025-07-04T11:50:01.712+05:30  INFO 21520 --- [adhivedha] [http-nio-8080-exec-1] o.s.w.s.DispatcherServlet                : Completed initialization in 1 ms
2025-07-04T11:50:41.748+05:30  INFO 21520 --- [adhivedha] [http-nio-8080-exec-2] c.a.c.CustomerController                 : INFO log
2025-07-04T11:50:41.749+05:30  WARN 21520 --- [adhivedha] [http-nio-8080-exec-2] c.a.c.CustomerController                 : WARN log
2025-07-04T11:50:41.751+05:30 ERROR 21520 --- [adhivedha] [http-nio-8080-exec-2] c.a.c.CustomerController                 : ERROR log
2025-07-04T11:51:25.927+05:30  INFO 21520 --- [adhivedha] [http-nio-8080-exec-6] c.a.c.CustomerController                 : INFO log
2025-07-04T11:51:25.928+05:30  WARN 21520 --- [adhivedha] [http-nio-8080-exec-6] c.a.c.CustomerController                 : WARN log
2025-07-04T11:51:25.928+05:30 ERROR 21520 --- [adhivedha] [http-nio-8080-exec-6] c.a.c.CustomerController                 : ERROR log
2025-07-04T11:51:37.364+05:30  INFO 21520 --- [adhivedha] [http-nio-8080-exec-7] c.a.c.CustomerController                 : INFO log
2025-07-04T11:51:37.365+05:30  WARN 21520 --- [adhivedha] [http-nio-8080-exec-7] c.a.c.CustomerController                 : WARN log
2025-07-04T11:51:37.365+05:30 ERROR 21520 --- [adhivedha] [http-nio-8080-exec-7] c.a.c.CustomerController                 : ERROR log
2025-07-04T11:52:43.560+05:30  INFO 21520 --- [adhivedha] [http-nio-8080-exec-10] c.a.c.CustomerController                 : INFO log
2025-07-04T11:52:43.562+05:30  WARN 21520 --- [adhivedha] [http-nio-8080-exec-10] c.a.c.CustomerController                 : WARN log
2025-07-04T11:52:43.562+05:30 ERROR 21520 --- [adhivedha] [http-nio-8080-exec-10] c.a.c.CustomerController                 : ERROR log
2025-07-04T11:52:47.307+05:30  INFO 21520 --- [adhivedha] [http-nio-8080-exec-3] c.a.c.CustomerController                 : INFO log
2025-07-04T11:52:47.308+05:30  WARN 21520 --- [adhivedha] [http-nio-8080-exec-3] c.a.c.CustomerController                 : WARN log
2025-07-04T11:52:47.308+05:30 ERROR 21520 --- [adhivedha] [http-nio-8080-exec-3] c.a.c.CustomerController                 : ERROR log
2025-07-04T11:53:52.568+05:30  INFO 21520 --- [adhivedha] [http-nio-8080-exec-4] c.a.c.CustomerController                 : INFO log
2025-07-04T11:53:52.569+05:30  WARN 21520 --- [adhivedha] [http-nio-8080-exec-4] c.a.c.CustomerController                 : WARN log
2025-07-04T11:53:52.570+05:30 ERROR 21520 --- [adhivedha] [http-nio-8080-exec-4] c.a.c.CustomerController                 : ERROR log
2025-07-04T12:07:14.441+05:30  INFO 21520 --- [adhivedha] [http-nio-8080-exec-6] c.a.c.CustomerController                 : INFO log
2025-07-04T12:07:14.442+05:30  WARN 21520 --- [adhivedha] [http-nio-8080-exec-6] c.a.c.CustomerController                 : WARN log
2025-07-04T12:07:14.443+05:30 ERROR 21520 --- [adhivedha] [http-nio-8080-exec-6] c.a.c.CustomerController                 : ERROR log
2025-07-04T12:11:43.324+05:30  INFO 21520 --- [adhivedha] [http-nio-8080-exec-2] c.a.c.CustomerController                 : INFO log
2025-07-04T12:11:43.325+05:30  WARN 21520 --- [adhivedha] [http-nio-8080-exec-2] c.a.c.CustomerController                 : WARN log
2025-07-04T12:11:43.326+05:30 ERROR 21520 --- [adhivedha] [http-nio-8080-exec-2] c.a.c.CustomerController                 : ERROR log
2025-07-04T12:12:14.083+05:30  INFO 21520 --- [adhivedha] [http-nio-8080-exec-3] c.a.c.CustomerController                 : INFO log
2025-07-04T12:12:14.084+05:30  WARN 21520 --- [adhivedha] [http-nio-8080-exec-3] c.a.c.CustomerController                 : WARN log
2025-07-04T12:12:14.085+05:30 ERROR 21520 --- [adhivedha] [http-nio-8080-exec-3] c.a.c.CustomerController                 : ERROR log
2025-07-04T12:17:28.041+05:30  INFO 21520 --- [adhivedha] [http-nio-8080-exec-7] c.a.c.CustomerController                 : INFO log
2025-07-04T12:17:28.042+05:30  WARN 21520 --- [adhivedha] [http-nio-8080-exec-7] c.a.c.CustomerController                 : WARN log
2025-07-04T12:17:28.043+05:30 ERROR 21520 --- [adhivedha] [http-nio-8080-exec-7] c.a.c.CustomerController                 : ERROR log
2025-07-04T12:20:49.889+05:30  INFO 21520 --- [adhivedha] [http-nio-8080-exec-4] c.a.c.CustomerController                 : INFO log
2025-07-04T12:20:49.890+05:30  WARN 21520 --- [adhivedha] [http-nio-8080-exec-4] c.a.c.CustomerController                 : WARN log
2025-07-04T12:20:49.890+05:30 ERROR 21520 --- [adhivedha] [http-nio-8080-exec-4] c.a.c.CustomerController                 : ERROR log
2025-07-04T12:21:46.501+05:30  INFO 21520 --- [adhivedha] [http-nio-8080-exec-5] c.a.c.CustomerController                 : INFO log
2025-07-04T12:21:46.501+05:30  WARN 21520 --- [adhivedha] [http-nio-8080-exec-5] c.a.c.CustomerController                 : WARN log
2025-07-04T12:21:46.502+05:30 ERROR 21520 --- [adhivedha] [http-nio-8080-exec-5] c.a.c.CustomerController                 : ERROR log
2025-07-04T12:21:59.775+05:30  INFO 21520 --- [adhivedha] [http-nio-8080-exec-1] c.a.c.CustomerController                 : INFO log
2025-07-04T12:21:59.775+05:30  WARN 21520 --- [adhivedha] [http-nio-8080-exec-1] c.a.c.CustomerController                 : WARN log
2025-07-04T12:21:59.776+05:30 ERROR 21520 --- [adhivedha] [http-nio-8080-exec-1] c.a.c.CustomerController                 : ERROR log
2025-07-04T12:22:42.818+05:30  INFO 21520 --- [adhivedha] [http-nio-8080-exec-6] c.a.c.CustomerController                 : INFO log
2025-07-04T12:22:42.821+05:30  WARN 21520 --- [adhivedha] [http-nio-8080-exec-6] c.a.c.CustomerController                 : WARN log
2025-07-04T12:22:42.821+05:30 ERROR 21520 --- [adhivedha] [http-nio-8080-exec-6] c.a.c.CustomerController                 : ERROR log
2025-07-04T12:29:55.265+05:30  INFO 21520 --- [adhivedha] [http-nio-8080-exec-3] c.a.c.CustomerController                 : INFO log
2025-07-04T12:29:55.272+05:30  WARN 21520 --- [adhivedha] [http-nio-8080-exec-3] c.a.c.CustomerController                 : WARN log
2025-07-04T12:29:55.274+05:30 ERROR 21520 --- [adhivedha] [http-nio-8080-exec-3] c.a.c.CustomerController                 : ERROR log
2025-07-04T12:33:56.361+05:30  INFO 21520 --- [adhivedha] [http-nio-8080-exec-10] c.a.c.CustomerController                 : INFO log
2025-07-04T12:33:56.362+05:30  WARN 21520 --- [adhivedha] [http-nio-8080-exec-10] c.a.c.CustomerController                 : WARN log
2025-07-04T12:33:56.362+05:30 ERROR 21520 --- [adhivedha] [http-nio-8080-exec-10] c.a.c.CustomerController                 : ERROR log
2025-07-04T12:34:43.967+05:30  INFO 21520 --- [adhivedha] [http-nio-8080-exec-4] c.a.c.CustomerController                 : INFO log
2025-07-04T12:34:43.967+05:30  WARN 21520 --- [adhivedha] [http-nio-8080-exec-4] c.a.c.CustomerController                 : WARN log
2025-07-04T12:34:43.968+05:30 ERROR 21520 --- [adhivedha] [http-nio-8080-exec-4] c.a.c.CustomerController                 : ERROR log
2025-07-04T12:35:49.169+05:30  INFO 21520 --- [adhivedha] [http-nio-8080-exec-8] c.a.c.CustomerController                 : INFO log
2025-07-04T12:35:49.170+05:30  WARN 21520 --- [adhivedha] [http-nio-8080-exec-8] c.a.c.CustomerController                 : WARN log
2025-07-04T12:35:49.170+05:30 ERROR 21520 --- [adhivedha] [http-nio-8080-exec-8] c.a.c.CustomerController                 : ERROR log
2025-07-04T12:36:07.485+05:30  INFO 21520 --- [adhivedha] [http-nio-8080-exec-5] c.a.c.CustomerController                 : INFO log
2025-07-04T12:36:07.485+05:30  WARN 21520 --- [adhivedha] [http-nio-8080-exec-5] c.a.c.CustomerController                 : WARN log
2025-07-04T12:36:07.485+05:30 ERROR 21520 --- [adhivedha] [http-nio-8080-exec-5] c.a.c.CustomerController                 : ERROR log
2025-07-04T12:36:51.563+05:30  INFO 21520 --- [adhivedha] [http-nio-8080-exec-6] c.a.c.CustomerController                 : INFO log
2025-07-04T12:36:51.563+05:30  WARN 21520 --- [adhivedha] [http-nio-8080-exec-6] c.a.c.CustomerController                 : WARN log
2025-07-04T12:36:51.563+05:30 ERROR 21520 --- [adhivedha] [http-nio-8080-exec-6] c.a.c.CustomerController                 : ERROR log
2025-07-04T13:55:30.561+05:30  INFO 21520 --- [adhivedha] [http-nio-8080-exec-3] c.a.c.CustomerController                 : INFO log
2025-07-04T13:55:30.591+05:30  WARN 21520 --- [adhivedha] [http-nio-8080-exec-3] c.a.c.CustomerController                 : WARN log
2025-07-04T13:55:30.592+05:30 ERROR 21520 --- [adhivedha] [http-nio-8080-exec-3] c.a.c.CustomerController                 : ERROR log
2025-07-04T19:22:09.669+05:30  INFO 21520 --- [adhivedha] [http-nio-8080-exec-5] c.a.c.CustomerController                 : INFO log
2025-07-04T19:22:09.676+05:30  WARN 21520 --- [adhivedha] [http-nio-8080-exec-5] c.a.c.CustomerController                 : WARN log
2025-07-04T19:22:09.677+05:30 ERROR 21520 --- [adhivedha] [http-nio-8080-exec-5] c.a.c.CustomerController                 : ERROR log
2025-07-04T19:56:21.115+05:30  INFO 21912 --- [adhivedha] [main] c.a.SpringBootDataMongodbApplication     : Starting SpringBootDataMongodbApplication using Java 17.0.14 with PID 21912 (D:\H\av-be\bin\main started by user in D:\H\av-be)
2025-07-04T19:56:21.128+05:30  INFO 21912 --- [adhivedha] [main] c.a.SpringBootDataMongodbApplication     : No active profile set, falling back to 1 default profile: "default"
2025-07-04T19:56:22.091+05:30  INFO 21912 --- [adhivedha] [main] .s.d.r.c.RepositoryConfigurationDelegate : Bootstrapping Spring Data MongoDB repositories in DEFAULT mode.
2025-07-04T19:56:22.176+05:30  INFO 21912 --- [adhivedha] [main] .s.d.r.c.RepositoryConfigurationDelegate : Finished Spring Data repository scanning in 72 ms. Found 4 MongoDB repository interfaces.
2025-07-04T19:56:22.827+05:30  INFO 21912 --- [adhivedha] [main] o.s.b.w.e.t.TomcatWebServer              : Tomcat initialized with port 8080 (http)
2025-07-04T19:56:22.852+05:30  INFO 21912 --- [adhivedha] [main] o.a.c.c.StandardService                  : Starting service [Tomcat]
2025-07-04T19:56:22.853+05:30  INFO 21912 --- [adhivedha] [main] o.a.c.c.StandardEngine                   : Starting Servlet engine: [Apache Tomcat/10.1.34]
2025-07-04T19:56:22.930+05:30  INFO 21912 --- [adhivedha] [main] o.a.c.c.C.[.[.[/]                        : Initializing Spring embedded WebApplicationContext
2025-07-04T19:56:22.931+05:30  INFO 21912 --- [adhivedha] [main] w.s.c.ServletWebServerApplicationContext : Root WebApplicationContext: initialization completed in 1723 ms
2025-07-04T19:56:23.297+05:30  INFO 21912 --- [adhivedha] [main] o.m.d.client                             : MongoClient with metadata {"driver": {"name": "mongo-java-driver|sync|spring-boot", "version": "5.2.1"}, "os": {"type": "Windows", "name": "Windows 11", "architecture": "amd64", "version": "10.0"}, "platform": "Java/Oracle Corporation/17.0.14+8-LTS-191"} created with settings MongoClientSettings{readPreference=primary, writeConcern=WriteConcern{w=null, wTimeout=null ms, journal=null}, retryWrites=true, retryReads=true, readConcern=ReadConcern{level=null}, credential=null, transportSettings=null, commandListeners=[], codecRegistry=ProvidersCodecRegistry{codecProviders=[ValueCodecProvider{}, BsonValueCodecProvider{}, DBRefCodecProvider{}, DBObjectCodecProvider{}, DocumentCodecProvider{}, CollectionCodecProvider{}, IterableCodecProvider{}, MapCodecProvider{}, GeoJsonCodecProvider{}, GridFSFileCodecProvider{}, Jsr310CodecProvider{}, JsonObjectCodecProvider{}, BsonCodecProvider{}, EnumCodecProvider{}, com.mongodb.client.model.mql.ExpressionCodecProvider@2ab09943, com.mongodb.Jep395RecordCodecProvider@7d50f2a8, com.mongodb.KotlinCodecProvider@5864e8bf]}, loggerSettings=LoggerSettings{maxDocumentLength=1000}, clusterSettings={hosts=[localhost:27017], srvServiceName=mongodb, mode=SINGLE, requiredClusterType=UNKNOWN, requiredReplicaSetName='null', serverSelector='null', clusterListeners='[]', serverSelectionTimeout='30000 ms', localThreshold='15 ms'}, socketSettings=SocketSettings{connectTimeoutMS=10000, readTimeoutMS=0, receiveBufferSize=0, proxySettings=ProxySettings{host=null, port=null, username=null, password=null}}, heartbeatSocketSettings=SocketSettings{connectTimeoutMS=10000, readTimeoutMS=10000, receiveBufferSize=0, proxySettings=ProxySettings{host=null, port=null, username=null, password=null}}, connectionPoolSettings=ConnectionPoolSettings{maxSize=100, minSize=0, maxWaitTimeMS=120000, maxConnectionLifeTimeMS=0, maxConnectionIdleTimeMS=0, maintenanceInitialDelayMS=0, maintenanceFrequencyMS=60000, connectionPoolListeners=[], maxConnecting=2}, serverSettings=ServerSettings{heartbeatFrequencyMS=10000, minHeartbeatFrequencyMS=500, serverMonitoringMode=AUTO, serverListeners='[]', serverMonitorListeners='[]'}, sslSettings=SslSettings{enabled=false, invalidHostNameAllowed=false, context=null}, applicationName='null', compressorList=[], uuidRepresentation=JAVA_LEGACY, serverApi=null, autoEncryptionSettings=null, dnsClient=null, inetAddressResolver=null, contextProvider=null, timeoutMS=null}
2025-07-04T19:56:23.327+05:30  INFO 21912 --- [adhivedha] [cluster-ClusterId{value='6867e48fec652548419812c2', description='null'}-localhost:27017] o.m.d.cluster                            : Monitor thread successfully connected to server with description ServerDescription{address=localhost:27017, type=STANDALONE, cryptd=false, state=CONNECTED, ok=true, minWireVersion=0, maxWireVersion=25, maxDocumentSize=16777216, logicalSessionTimeoutMinutes=30, roundTripTimeNanos=29450600, minRoundTripTimeNanos=0}
2025-07-04T19:56:24.108+05:30  WARN 21912 --- [adhivedha] [main] .s.s.UserDetailsServiceAutoConfiguration : 

Using generated security password: 1553081d-f209-48d1-9863-dc67da25101a

This generated password is for development use only. Your security configuration must be updated before running your application in production.

2025-07-04T19:56:24.148+05:30  INFO 21912 --- [adhivedha] [main] r$InitializeUserDetailsManagerConfigurer : Global AuthenticationManager configured with UserDetailsService bean with name inMemoryUserDetailsManager
2025-07-04T19:56:24.283+05:30  INFO 21912 --- [adhivedha] [main] o.s.b.a.w.s.WelcomePageHandlerMapping    : Adding welcome page: class path resource [public/index.html]
2025-07-04T19:56:24.801+05:30  INFO 21912 --- [adhivedha] [main] o.s.b.w.e.t.TomcatWebServer              : Tomcat started on port 8080 (http) with context path '/'
2025-07-04T19:56:24.815+05:30  INFO 21912 --- [adhivedha] [main] c.a.SpringBootDataMongodbApplication     : Started SpringBootDataMongodbApplication in 4.493 seconds (process running for 6.613)
2025-07-04T20:02:38.905+05:30  INFO 21912 --- [adhivedha] [http-nio-8080-exec-1] o.a.c.c.C.[.[.[/]                        : Initializing Spring DispatcherServlet 'dispatcherServlet'
2025-07-04T20:02:38.910+05:30  INFO 21912 --- [adhivedha] [http-nio-8080-exec-1] o.s.w.s.DispatcherServlet                : Initializing Servlet 'dispatcherServlet'
2025-07-04T20:02:38.928+05:30  INFO 21912 --- [adhivedha] [http-nio-8080-exec-1] o.s.w.s.DispatcherServlet                : Completed initialization in 18 ms
2025-07-04T20:02:39.055+05:30  INFO 21912 --- [adhivedha] [http-nio-8080-exec-1] c.a.c.CustomerController                 : INFO log
2025-07-04T20:02:39.056+05:30  WARN 21912 --- [adhivedha] [http-nio-8080-exec-1] c.a.c.CustomerController                 : WARN log
2025-07-04T20:02:39.056+05:30 ERROR 21912 --- [adhivedha] [http-nio-8080-exec-1] c.a.c.CustomerController                 : ERROR log
2025-07-04T20:03:34.486+05:30  INFO 21912 --- [adhivedha] [http-nio-8080-exec-2] c.a.c.CustomerController                 : INFO log
2025-07-04T20:03:34.487+05:30  WARN 21912 --- [adhivedha] [http-nio-8080-exec-2] c.a.c.CustomerController                 : WARN log
2025-07-04T20:03:34.488+05:30 ERROR 21912 --- [adhivedha] [http-nio-8080-exec-2] c.a.c.CustomerController                 : ERROR log
2025-07-04T20:06:23.382+05:30  INFO 21912 --- [adhivedha] [http-nio-8080-exec-4] c.a.c.CustomerController                 : INFO log
2025-07-04T20:06:23.383+05:30  WARN 21912 --- [adhivedha] [http-nio-8080-exec-4] c.a.c.CustomerController                 : WARN log
2025-07-04T20:06:23.384+05:30 ERROR 21912 --- [adhivedha] [http-nio-8080-exec-4] c.a.c.CustomerController                 : ERROR log
2025-07-04T20:07:19.648+05:30  INFO 21912 --- [adhivedha] [http-nio-8080-exec-3] c.a.c.CustomerController                 : INFO log
2025-07-04T20:07:19.649+05:30  WARN 21912 --- [adhivedha] [http-nio-8080-exec-3] c.a.c.CustomerController                 : WARN log
2025-07-04T20:07:19.649+05:30 ERROR 21912 --- [adhivedha] [http-nio-8080-exec-3] c.a.c.CustomerController                 : ERROR log
2025-07-04T20:08:27.122+05:30  INFO 12460 --- [adhivedha] [main] c.a.SpringBootDataMongodbApplication     : Starting SpringBootDataMongodbApplication using Java 17.0.14 with PID 12460 (D:\H\av-be\bin\main started by user in D:\H\av-be)
2025-07-04T20:08:27.135+05:30  INFO 12460 --- [adhivedha] [main] c.a.SpringBootDataMongodbApplication     : No active profile set, falling back to 1 default profile: "default"
2025-07-04T20:08:28.231+05:30  INFO 12460 --- [adhivedha] [main] .s.d.r.c.RepositoryConfigurationDelegate : Bootstrapping Spring Data MongoDB repositories in DEFAULT mode.
2025-07-04T20:08:28.316+05:30  INFO 12460 --- [adhivedha] [main] .s.d.r.c.RepositoryConfigurationDelegate : Finished Spring Data repository scanning in 73 ms. Found 4 MongoDB repository interfaces.
2025-07-04T20:08:29.252+05:30  INFO 12460 --- [adhivedha] [main] o.s.b.w.e.t.TomcatWebServer              : Tomcat initialized with port 8080 (http)
2025-07-04T20:08:29.297+05:30  INFO 12460 --- [adhivedha] [main] o.a.c.c.StandardService                  : Starting service [Tomcat]
2025-07-04T20:08:29.298+05:30  INFO 12460 --- [adhivedha] [main] o.a.c.c.StandardEngine                   : Starting Servlet engine: [Apache Tomcat/10.1.34]
2025-07-04T20:08:29.376+05:30  INFO 12460 --- [adhivedha] [main] o.a.c.c.C.[.[.[/]                        : Initializing Spring embedded WebApplicationContext
2025-07-04T20:08:29.377+05:30  INFO 12460 --- [adhivedha] [main] w.s.c.ServletWebServerApplicationContext : Root WebApplicationContext: initialization completed in 2164 ms
2025-07-04T20:08:29.727+05:30  INFO 12460 --- [adhivedha] [main] o.m.d.client                             : MongoClient with metadata {"driver": {"name": "mongo-java-driver|sync|spring-boot", "version": "5.2.1"}, "os": {"type": "Windows", "name": "Windows 11", "architecture": "amd64", "version": "10.0"}, "platform": "Java/Oracle Corporation/17.0.14+8-LTS-191"} created with settings MongoClientSettings{readPreference=primary, writeConcern=WriteConcern{w=null, wTimeout=null ms, journal=null}, retryWrites=true, retryReads=true, readConcern=ReadConcern{level=null}, credential=null, transportSettings=null, commandListeners=[], codecRegistry=ProvidersCodecRegistry{codecProviders=[ValueCodecProvider{}, BsonValueCodecProvider{}, DBRefCodecProvider{}, DBObjectCodecProvider{}, DocumentCodecProvider{}, CollectionCodecProvider{}, IterableCodecProvider{}, MapCodecProvider{}, GeoJsonCodecProvider{}, GridFSFileCodecProvider{}, Jsr310CodecProvider{}, JsonObjectCodecProvider{}, BsonCodecProvider{}, EnumCodecProvider{}, com.mongodb.client.model.mql.ExpressionCodecProvider@35563e4c, com.mongodb.Jep395RecordCodecProvider@6dd79214, com.mongodb.KotlinCodecProvider@ef86c72]}, loggerSettings=LoggerSettings{maxDocumentLength=1000}, clusterSettings={hosts=[localhost:27017], srvServiceName=mongodb, mode=SINGLE, requiredClusterType=UNKNOWN, requiredReplicaSetName='null', serverSelector='null', clusterListeners='[]', serverSelectionTimeout='30000 ms', localThreshold='15 ms'}, socketSettings=SocketSettings{connectTimeoutMS=10000, readTimeoutMS=0, receiveBufferSize=0, proxySettings=ProxySettings{host=null, port=null, username=null, password=null}}, heartbeatSocketSettings=SocketSettings{connectTimeoutMS=10000, readTimeoutMS=10000, receiveBufferSize=0, proxySettings=ProxySettings{host=null, port=null, username=null, password=null}}, connectionPoolSettings=ConnectionPoolSettings{maxSize=100, minSize=0, maxWaitTimeMS=120000, maxConnectionLifeTimeMS=0, maxConnectionIdleTimeMS=0, maintenanceInitialDelayMS=0, maintenanceFrequencyMS=60000, connectionPoolListeners=[], maxConnecting=2}, serverSettings=ServerSettings{heartbeatFrequencyMS=10000, minHeartbeatFrequencyMS=500, serverMonitoringMode=AUTO, serverListeners='[]', serverMonitorListeners='[]'}, sslSettings=SslSettings{enabled=false, invalidHostNameAllowed=false, context=null}, applicationName='null', compressorList=[], uuidRepresentation=JAVA_LEGACY, serverApi=null, autoEncryptionSettings=null, dnsClient=null, inetAddressResolver=null, contextProvider=null, timeoutMS=null}
2025-07-04T20:08:29.757+05:30  INFO 12460 --- [adhivedha] [cluster-ClusterId{value='6867e765f9543149c58cd828', description='null'}-localhost:27017] o.m.d.cluster                            : Monitor thread successfully connected to server with description ServerDescription{address=localhost:27017, type=STANDALONE, cryptd=false, state=CONNECTED, ok=true, minWireVersion=0, maxWireVersion=25, maxDocumentSize=16777216, logicalSessionTimeoutMinutes=30, roundTripTimeNanos=28935800, minRoundTripTimeNanos=0}
2025-07-04T20:08:30.484+05:30  WARN 12460 --- [adhivedha] [main] .s.s.UserDetailsServiceAutoConfiguration : 

Using generated security password: 23e22cc3-a63e-4523-b6d4-4eb26b32137b

This generated password is for development use only. Your security configuration must be updated before running your application in production.

2025-07-04T20:08:30.521+05:30  INFO 12460 --- [adhivedha] [main] r$InitializeUserDetailsManagerConfigurer : Global AuthenticationManager configured with UserDetailsService bean with name inMemoryUserDetailsManager
2025-07-04T20:08:30.618+05:30  INFO 12460 --- [adhivedha] [main] o.s.b.a.w.s.WelcomePageHandlerMapping    : Adding welcome page: class path resource [public/index.html]
2025-07-04T20:08:31.125+05:30  INFO 12460 --- [adhivedha] [main] o.s.b.w.e.t.TomcatWebServer              : Tomcat started on port 8080 (http) with context path '/'
2025-07-04T20:08:31.136+05:30  INFO 12460 --- [adhivedha] [main] c.a.SpringBootDataMongodbApplication     : Started SpringBootDataMongodbApplication in 4.662 seconds (process running for 5.93)
2025-07-04T20:08:36.111+05:30  INFO 12460 --- [adhivedha] [http-nio-8080-exec-1] o.a.c.c.C.[.[.[/]                        : Initializing Spring DispatcherServlet 'dispatcherServlet'
2025-07-04T20:08:36.113+05:30  INFO 12460 --- [adhivedha] [http-nio-8080-exec-1] o.s.w.s.DispatcherServlet                : Initializing Servlet 'dispatcherServlet'
2025-07-04T20:08:36.118+05:30  INFO 12460 --- [adhivedha] [http-nio-8080-exec-1] o.s.w.s.DispatcherServlet                : Completed initialization in 3 ms
2025-07-04T20:08:36.311+05:30  INFO 12460 --- [adhivedha] [http-nio-8080-exec-1] c.a.c.CustomerController                 : INFO log
2025-07-04T20:08:36.312+05:30  WARN 12460 --- [adhivedha] [http-nio-8080-exec-1] c.a.c.CustomerController                 : WARN log
2025-07-04T20:08:36.313+05:30 ERROR 12460 --- [adhivedha] [http-nio-8080-exec-1] c.a.c.CustomerController                 : ERROR log
2025-07-04T20:08:44.943+05:30  WARN 12460 --- [adhivedha] [http-nio-8080-exec-2] .w.s.m.s.DefaultHandlerExceptionResolver : Resolved [org.springframework.web.bind.MissingPathVariableException: Required URI template variable 'code' for method parameter type String is not present]
2025-07-04T20:09:00.464+05:30  INFO 12460 --- [adhivedha] [http-nio-8080-exec-2] c.a.c.CustomerController                 : INFO log
2025-07-04T20:09:00.465+05:30  WARN 12460 --- [adhivedha] [http-nio-8080-exec-2] c.a.c.CustomerController                 : WARN log
2025-07-04T20:09:00.466+05:30 ERROR 12460 --- [adhivedha] [http-nio-8080-exec-2] c.a.c.CustomerController                 : ERROR log
2025-07-05T10:26:09.794+05:30  INFO 12460 --- [adhivedha] [http-nio-8080-exec-3] c.a.c.CustomerController                 : INFO log
2025-07-05T10:26:09.805+05:30  WARN 12460 --- [adhivedha] [http-nio-8080-exec-3] c.a.c.CustomerController                 : WARN log
2025-07-05T10:26:09.806+05:30 ERROR 12460 --- [adhivedha] [http-nio-8080-exec-3] c.a.c.CustomerController                 : ERROR log
2025-07-05T10:28:46.213+05:30  WARN 12460 --- [adhivedha] [http-nio-8080-exec-9] .w.s.m.s.DefaultHandlerExceptionResolver : Resolved [org.springframework.web.bind.MissingPathVariableException: Required URI template variable 'code' for method parameter type String is not present]
2025-07-05T10:30:42.659+05:30  INFO 14008 --- [adhivedha] [main] c.a.SpringBootDataMongodbApplication     : Starting SpringBootDataMongodbApplication using Java 17.0.14 with PID 14008 (D:\H\av-be\bin\main started by user in D:\H\av-be)
2025-07-05T10:30:42.672+05:30  INFO 14008 --- [adhivedha] [main] c.a.SpringBootDataMongodbApplication     : No active profile set, falling back to 1 default profile: "default"
2025-07-05T10:30:43.593+05:30  INFO 14008 --- [adhivedha] [main] .s.d.r.c.RepositoryConfigurationDelegate : Bootstrapping Spring Data MongoDB repositories in DEFAULT mode.
2025-07-05T10:30:43.678+05:30  INFO 14008 --- [adhivedha] [main] .s.d.r.c.RepositoryConfigurationDelegate : Finished Spring Data repository scanning in 75 ms. Found 4 MongoDB repository interfaces.
2025-07-05T10:30:44.302+05:30  INFO 14008 --- [adhivedha] [main] o.s.b.w.e.t.TomcatWebServer              : Tomcat initialized with port 8080 (http)
2025-07-05T10:30:44.328+05:30  INFO 14008 --- [adhivedha] [main] o.a.c.c.StandardService                  : Starting service [Tomcat]
2025-07-05T10:30:44.329+05:30  INFO 14008 --- [adhivedha] [main] o.a.c.c.StandardEngine                   : Starting Servlet engine: [Apache Tomcat/10.1.34]
2025-07-05T10:30:44.401+05:30  INFO 14008 --- [adhivedha] [main] o.a.c.c.C.[.[.[/]                        : Initializing Spring embedded WebApplicationContext
2025-07-05T10:30:44.401+05:30  INFO 14008 --- [adhivedha] [main] w.s.c.ServletWebServerApplicationContext : Root WebApplicationContext: initialization completed in 1646 ms
2025-07-05T10:30:44.756+05:30  INFO 14008 --- [adhivedha] [main] o.m.d.client                             : MongoClient with metadata {"driver": {"name": "mongo-java-driver|sync|spring-boot", "version": "5.2.1"}, "os": {"type": "Windows", "name": "Windows 11", "architecture": "amd64", "version": "10.0"}, "platform": "Java/Oracle Corporation/17.0.14+8-LTS-191"} created with settings MongoClientSettings{readPreference=primary, writeConcern=WriteConcern{w=null, wTimeout=null ms, journal=null}, retryWrites=true, retryReads=true, readConcern=ReadConcern{level=null}, credential=null, transportSettings=null, commandListeners=[], codecRegistry=ProvidersCodecRegistry{codecProviders=[ValueCodecProvider{}, BsonValueCodecProvider{}, DBRefCodecProvider{}, DBObjectCodecProvider{}, DocumentCodecProvider{}, CollectionCodecProvider{}, IterableCodecProvider{}, MapCodecProvider{}, GeoJsonCodecProvider{}, GridFSFileCodecProvider{}, Jsr310CodecProvider{}, JsonObjectCodecProvider{}, BsonCodecProvider{}, EnumCodecProvider{}, com.mongodb.client.model.mql.ExpressionCodecProvider@7af327e3, com.mongodb.Jep395RecordCodecProvider@743d0d44, com.mongodb.KotlinCodecProvider@35563e4c]}, loggerSettings=LoggerSettings{maxDocumentLength=1000}, clusterSettings={hosts=[localhost:27017], srvServiceName=mongodb, mode=SINGLE, requiredClusterType=UNKNOWN, requiredReplicaSetName='null', serverSelector='null', clusterListeners='[]', serverSelectionTimeout='30000 ms', localThreshold='15 ms'}, socketSettings=SocketSettings{connectTimeoutMS=10000, readTimeoutMS=0, receiveBufferSize=0, proxySettings=ProxySettings{host=null, port=null, username=null, password=null}}, heartbeatSocketSettings=SocketSettings{connectTimeoutMS=10000, readTimeoutMS=10000, receiveBufferSize=0, proxySettings=ProxySettings{host=null, port=null, username=null, password=null}}, connectionPoolSettings=ConnectionPoolSettings{maxSize=100, minSize=0, maxWaitTimeMS=120000, maxConnectionLifeTimeMS=0, maxConnectionIdleTimeMS=0, maintenanceInitialDelayMS=0, maintenanceFrequencyMS=60000, connectionPoolListeners=[], maxConnecting=2}, serverSettings=ServerSettings{heartbeatFrequencyMS=10000, minHeartbeatFrequencyMS=500, serverMonitoringMode=AUTO, serverListeners='[]', serverMonitorListeners='[]'}, sslSettings=SslSettings{enabled=false, invalidHostNameAllowed=false, context=null}, applicationName='null', compressorList=[], uuidRepresentation=JAVA_LEGACY, serverApi=null, autoEncryptionSettings=null, dnsClient=null, inetAddressResolver=null, contextProvider=null, timeoutMS=null}
2025-07-05T10:30:44.783+05:30  INFO 14008 --- [adhivedha] [cluster-ClusterId{value='6868b17c8c01ae697f4a5fb4', description='null'}-localhost:27017] o.m.d.cluster                            : Monitor thread successfully connected to server with description ServerDescription{address=localhost:27017, type=STANDALONE, cryptd=false, state=CONNECTED, ok=true, minWireVersion=0, maxWireVersion=25, maxDocumentSize=16777216, logicalSessionTimeoutMinutes=30, roundTripTimeNanos=28289801, minRoundTripTimeNanos=0}
2025-07-05T10:30:45.927+05:30  WARN 14008 --- [adhivedha] [main] .s.s.UserDetailsServiceAutoConfiguration : 

Using generated security password: 8ac5402b-838f-4479-a98d-c7ad05567bc6

This generated password is for development use only. Your security configuration must be updated before running your application in production.

2025-07-05T10:30:45.962+05:30  INFO 14008 --- [adhivedha] [main] r$InitializeUserDetailsManagerConfigurer : Global AuthenticationManager configured with UserDetailsService bean with name inMemoryUserDetailsManager
2025-07-05T10:30:46.069+05:30  INFO 14008 --- [adhivedha] [main] o.s.b.a.w.s.WelcomePageHandlerMapping    : Adding welcome page: class path resource [public/index.html]
2025-07-05T10:30:46.569+05:30  INFO 14008 --- [adhivedha] [main] o.s.b.w.e.t.TomcatWebServer              : Tomcat started on port 8080 (http) with context path '/'
2025-07-05T10:30:46.583+05:30  INFO 14008 --- [adhivedha] [main] c.a.SpringBootDataMongodbApplication     : Started SpringBootDataMongodbApplication in 4.581 seconds (process running for 5.951)
2025-07-05T10:31:15.096+05:30  INFO 14008 --- [adhivedha] [http-nio-8080-exec-3] o.a.c.c.C.[.[.[/]                        : Initializing Spring DispatcherServlet 'dispatcherServlet'
2025-07-05T10:31:15.097+05:30  INFO 14008 --- [adhivedha] [http-nio-8080-exec-3] o.s.w.s.DispatcherServlet                : Initializing Servlet 'dispatcherServlet'
2025-07-05T10:31:15.101+05:30  INFO 14008 --- [adhivedha] [http-nio-8080-exec-3] o.s.w.s.DispatcherServlet                : Completed initialization in 4 ms
2025-07-05T10:35:13.725+05:30  INFO 14008 --- [adhivedha] [http-nio-8080-exec-2] c.a.c.CustomerController                 : INFO log
2025-07-05T10:35:13.727+05:30  WARN 14008 --- [adhivedha] [http-nio-8080-exec-2] c.a.c.CustomerController                 : WARN log
2025-07-05T10:35:13.728+05:30 ERROR 14008 --- [adhivedha] [http-nio-8080-exec-2] c.a.c.CustomerController                 : ERROR log
2025-07-05T10:35:22.320+05:30  INFO 14008 --- [adhivedha] [http-nio-8080-exec-6] c.a.c.CustomerController                 : INFO log
2025-07-05T10:35:22.322+05:30  WARN 14008 --- [adhivedha] [http-nio-8080-exec-6] c.a.c.CustomerController                 : WARN log
2025-07-05T10:35:22.323+05:30 ERROR 14008 --- [adhivedha] [http-nio-8080-exec-6] c.a.c.CustomerController                 : ERROR log
2025-07-05T10:35:53.216+05:30  INFO 10872 --- [adhivedha] [main] c.a.SpringBootDataMongodbApplication     : Starting SpringBootDataMongodbApplication using Java 17.0.14 with PID 10872 (D:\H\av-be\bin\main started by user in D:\H\av-be)
2025-07-05T10:35:53.228+05:30  INFO 10872 --- [adhivedha] [main] c.a.SpringBootDataMongodbApplication     : No active profile set, falling back to 1 default profile: "default"
2025-07-05T10:35:54.141+05:30  INFO 10872 --- [adhivedha] [main] .s.d.r.c.RepositoryConfigurationDelegate : Bootstrapping Spring Data MongoDB repositories in DEFAULT mode.
2025-07-05T10:35:54.227+05:30  INFO 10872 --- [adhivedha] [main] .s.d.r.c.RepositoryConfigurationDelegate : Finished Spring Data repository scanning in 72 ms. Found 4 MongoDB repository interfaces.
2025-07-05T10:35:54.866+05:30  INFO 10872 --- [adhivedha] [main] o.s.b.w.e.t.TomcatWebServer              : Tomcat initialized with port 8080 (http)
2025-07-05T10:35:54.889+05:30  INFO 10872 --- [adhivedha] [main] o.a.c.c.StandardService                  : Starting service [Tomcat]
2025-07-05T10:35:54.891+05:30  INFO 10872 --- [adhivedha] [main] o.a.c.c.StandardEngine                   : Starting Servlet engine: [Apache Tomcat/10.1.34]
2025-07-05T10:35:54.972+05:30  INFO 10872 --- [adhivedha] [main] o.a.c.c.C.[.[.[/]                        : Initializing Spring embedded WebApplicationContext
2025-07-05T10:35:54.973+05:30  INFO 10872 --- [adhivedha] [main] w.s.c.ServletWebServerApplicationContext : Root WebApplicationContext: initialization completed in 1668 ms
2025-07-05T10:35:55.314+05:30  INFO 10872 --- [adhivedha] [main] o.m.d.client                             : MongoClient with metadata {"driver": {"name": "mongo-java-driver|sync|spring-boot", "version": "5.2.1"}, "os": {"type": "Windows", "name": "Windows 11", "architecture": "amd64", "version": "10.0"}, "platform": "Java/Oracle Corporation/17.0.14+8-LTS-191"} created with settings MongoClientSettings{readPreference=primary, writeConcern=WriteConcern{w=null, wTimeout=null ms, journal=null}, retryWrites=true, retryReads=true, readConcern=ReadConcern{level=null}, credential=null, transportSettings=null, commandListeners=[], codecRegistry=ProvidersCodecRegistry{codecProviders=[ValueCodecProvider{}, BsonValueCodecProvider{}, DBRefCodecProvider{}, DBObjectCodecProvider{}, DocumentCodecProvider{}, CollectionCodecProvider{}, IterableCodecProvider{}, MapCodecProvider{}, GeoJsonCodecProvider{}, GridFSFileCodecProvider{}, Jsr310CodecProvider{}, JsonObjectCodecProvider{}, BsonCodecProvider{}, EnumCodecProvider{}, com.mongodb.client.model.mql.ExpressionCodecProvider@6321a5aa, com.mongodb.Jep395RecordCodecProvider@1c7f9861, com.mongodb.KotlinCodecProvider@7a36c83a]}, loggerSettings=LoggerSettings{maxDocumentLength=1000}, clusterSettings={hosts=[localhost:27017], srvServiceName=mongodb, mode=SINGLE, requiredClusterType=UNKNOWN, requiredReplicaSetName='null', serverSelector='null', clusterListeners='[]', serverSelectionTimeout='30000 ms', localThreshold='15 ms'}, socketSettings=SocketSettings{connectTimeoutMS=10000, readTimeoutMS=0, receiveBufferSize=0, proxySettings=ProxySettings{host=null, port=null, username=null, password=null}}, heartbeatSocketSettings=SocketSettings{connectTimeoutMS=10000, readTimeoutMS=10000, receiveBufferSize=0, proxySettings=ProxySettings{host=null, port=null, username=null, password=null}}, connectionPoolSettings=ConnectionPoolSettings{maxSize=100, minSize=0, maxWaitTimeMS=120000, maxConnectionLifeTimeMS=0, maxConnectionIdleTimeMS=0, maintenanceInitialDelayMS=0, maintenanceFrequencyMS=60000, connectionPoolListeners=[], maxConnecting=2}, serverSettings=ServerSettings{heartbeatFrequencyMS=10000, minHeartbeatFrequencyMS=500, serverMonitoringMode=AUTO, serverListeners='[]', serverMonitorListeners='[]'}, sslSettings=SslSettings{enabled=false, invalidHostNameAllowed=false, context=null}, applicationName='null', compressorList=[], uuidRepresentation=JAVA_LEGACY, serverApi=null, autoEncryptionSettings=null, dnsClient=null, inetAddressResolver=null, contextProvider=null, timeoutMS=null}
2025-07-05T10:35:55.341+05:30  INFO 10872 --- [adhivedha] [cluster-ClusterId{value='6868b2b3a123280daf196a39', description='null'}-localhost:27017] o.m.d.cluster                            : Monitor thread successfully connected to server with description ServerDescription{address=localhost:27017, type=STANDALONE, cryptd=false, state=CONNECTED, ok=true, minWireVersion=0, maxWireVersion=25, maxDocumentSize=16777216, logicalSessionTimeoutMinutes=30, roundTripTimeNanos=28532000, minRoundTripTimeNanos=0}
2025-07-05T10:35:56.557+05:30  WARN 10872 --- [adhivedha] [main] .s.s.UserDetailsServiceAutoConfiguration : 

Using generated security password: 5985bb58-4410-4d43-baa6-db16dc943f85

This generated password is for development use only. Your security configuration must be updated before running your application in production.

2025-07-05T10:35:56.623+05:30  INFO 10872 --- [adhivedha] [main] r$InitializeUserDetailsManagerConfigurer : Global AuthenticationManager configured with UserDetailsService bean with name inMemoryUserDetailsManager
2025-07-05T10:35:56.803+05:30  INFO 10872 --- [adhivedha] [main] o.s.b.a.w.s.WelcomePageHandlerMapping    : Adding welcome page: class path resource [public/index.html]
2025-07-05T10:35:57.430+05:30  INFO 10872 --- [adhivedha] [main] o.s.b.w.e.t.TomcatWebServer              : Tomcat started on port 8080 (http) with context path '/'
2025-07-05T10:35:57.440+05:30  INFO 10872 --- [adhivedha] [main] c.a.SpringBootDataMongodbApplication     : Started SpringBootDataMongodbApplication in 5.002 seconds (process running for 6.347)
2025-07-05T10:36:15.017+05:30  INFO 10872 --- [adhivedha] [http-nio-8080-exec-5] o.a.c.c.C.[.[.[/]                        : Initializing Spring DispatcherServlet 'dispatcherServlet'
2025-07-05T10:36:15.018+05:30  INFO 10872 --- [adhivedha] [http-nio-8080-exec-5] o.s.w.s.DispatcherServlet                : Initializing Servlet 'dispatcherServlet'
2025-07-05T10:36:15.021+05:30  INFO 10872 --- [adhivedha] [http-nio-8080-exec-5] o.s.w.s.DispatcherServlet                : Completed initialization in 2 ms
2025-07-05T10:38:15.425+05:30  INFO 10872 --- [adhivedha] [http-nio-8080-exec-4] c.a.c.CustomerController                 : INFO log
2025-07-05T10:38:15.425+05:30  WARN 10872 --- [adhivedha] [http-nio-8080-exec-4] c.a.c.CustomerController                 : WARN log
2025-07-05T10:38:15.425+05:30 ERROR 10872 --- [adhivedha] [http-nio-8080-exec-4] c.a.c.CustomerController                 : ERROR log
2025-07-05T10:42:04.282+05:30  INFO 10872 --- [adhivedha] [http-nio-8080-exec-2] c.a.c.CustomerController                 : INFO log
2025-07-05T10:42:04.283+05:30  WARN 10872 --- [adhivedha] [http-nio-8080-exec-2] c.a.c.CustomerController                 : WARN log
2025-07-05T10:42:04.283+05:30 ERROR 10872 --- [adhivedha] [http-nio-8080-exec-2] c.a.c.CustomerController                 : ERROR log
2025-07-05T10:56:59.133+05:30  INFO 10872 --- [adhivedha] [http-nio-8080-exec-4] c.a.c.CustomerController                 : INFO log
2025-07-05T10:56:59.139+05:30  WARN 10872 --- [adhivedha] [http-nio-8080-exec-4] c.a.c.CustomerController                 : WARN log
2025-07-05T10:56:59.139+05:30 ERROR 10872 --- [adhivedha] [http-nio-8080-exec-4] c.a.c.CustomerController                 : ERROR log
2025-07-05T11:10:48.160+05:30  INFO 10872 --- [adhivedha] [http-nio-8080-exec-3] c.a.c.CustomerController                 : INFO log
2025-07-05T11:10:48.163+05:30  WARN 10872 --- [adhivedha] [http-nio-8080-exec-3] c.a.c.CustomerController                 : WARN log
2025-07-05T11:10:48.163+05:30 ERROR 10872 --- [adhivedha] [http-nio-8080-exec-3] c.a.c.CustomerController                 : ERROR log
2025-07-05T11:12:35.914+05:30  INFO 10872 --- [adhivedha] [http-nio-8080-exec-1] c.a.c.CustomerController                 : INFO log
2025-07-05T11:12:35.916+05:30  WARN 10872 --- [adhivedha] [http-nio-8080-exec-1] c.a.c.CustomerController                 : WARN log
2025-07-05T11:12:35.916+05:30 ERROR 10872 --- [adhivedha] [http-nio-8080-exec-1] c.a.c.CustomerController                 : ERROR log
2025-07-05T11:17:28.739+05:30  INFO 10872 --- [adhivedha] [http-nio-8080-exec-6] c.a.c.CustomerController                 : INFO log
2025-07-05T11:17:28.741+05:30  WARN 10872 --- [adhivedha] [http-nio-8080-exec-6] c.a.c.CustomerController                 : WARN log
2025-07-05T11:17:28.742+05:30 ERROR 10872 --- [adhivedha] [http-nio-8080-exec-6] c.a.c.CustomerController                 : ERROR log
2025-07-05T11:18:23.871+05:30  INFO 10872 --- [adhivedha] [http-nio-8080-exec-7] c.a.c.CustomerController                 : INFO log
2025-07-05T11:18:23.871+05:30  WARN 10872 --- [adhivedha] [http-nio-8080-exec-7] c.a.c.CustomerController                 : WARN log
2025-07-05T11:18:23.872+05:30 ERROR 10872 --- [adhivedha] [http-nio-8080-exec-7] c.a.c.CustomerController                 : ERROR log
2025-07-05T11:21:48.378+05:30  INFO 10872 --- [adhivedha] [http-nio-8080-exec-6] c.a.c.CustomerController                 : INFO log
2025-07-05T11:21:48.379+05:30  WARN 10872 --- [adhivedha] [http-nio-8080-exec-6] c.a.c.CustomerController                 : WARN log
2025-07-05T11:21:48.379+05:30 ERROR 10872 --- [adhivedha] [http-nio-8080-exec-6] c.a.c.CustomerController                 : ERROR log
2025-07-05T11:26:24.612+05:30  INFO 10872 --- [adhivedha] [http-nio-8080-exec-5] c.a.c.CustomerController                 : INFO log
2025-07-05T11:26:24.616+05:30  WARN 10872 --- [adhivedha] [http-nio-8080-exec-5] c.a.c.CustomerController                 : WARN log
2025-07-05T11:26:24.617+05:30 ERROR 10872 --- [adhivedha] [http-nio-8080-exec-5] c.a.c.CustomerController                 : ERROR log
2025-07-05T11:27:00.102+05:30  INFO 10872 --- [adhivedha] [http-nio-8080-exec-3] c.a.c.CustomerController                 : INFO log
2025-07-05T11:27:00.104+05:30  WARN 10872 --- [adhivedha] [http-nio-8080-exec-3] c.a.c.CustomerController                 : WARN log
2025-07-05T11:27:00.105+05:30 ERROR 10872 --- [adhivedha] [http-nio-8080-exec-3] c.a.c.CustomerController                 : ERROR log
2025-07-05T11:27:55.381+05:30  INFO 10872 --- [adhivedha] [http-nio-8080-exec-5] c.a.c.CustomerController                 : INFO log
2025-07-05T11:27:55.382+05:30  WARN 10872 --- [adhivedha] [http-nio-8080-exec-5] c.a.c.CustomerController                 : WARN log
2025-07-05T11:27:55.382+05:30 ERROR 10872 --- [adhivedha] [http-nio-8080-exec-5] c.a.c.CustomerController                 : ERROR log
2025-07-05T11:32:45.044+05:30  INFO 10872 --- [adhivedha] [http-nio-8080-exec-2] c.a.c.CustomerController                 : INFO log
2025-07-05T11:32:45.070+05:30  WARN 10872 --- [adhivedha] [http-nio-8080-exec-2] c.a.c.CustomerController                 : WARN log
2025-07-05T11:32:45.071+05:30 ERROR 10872 --- [adhivedha] [http-nio-8080-exec-2] c.a.c.CustomerController                 : ERROR log
2025-07-05T11:33:55.312+05:30  WARN 10872 --- [adhivedha] [http-nio-8080-exec-6] .w.s.m.s.DefaultHandlerExceptionResolver : Ignoring exception, response committed already: org.springframework.web.bind.MissingServletRequestParameterException: Required request parameter 'code' for method parameter type String is not present
2025-07-05T11:33:55.318+05:30  WARN 10872 --- [adhivedha] [http-nio-8080-exec-6] .w.s.m.s.DefaultHandlerExceptionResolver : Resolved [org.springframework.web.bind.MissingServletRequestParameterException: Required request parameter 'code' for method parameter type String is not present]
2025-07-05T11:36:09.145+05:30  INFO 10872 --- [adhivedha] [http-nio-8080-exec-7] c.a.c.CustomerController                 : INFO log
2025-07-05T11:36:09.148+05:30  WARN 10872 --- [adhivedha] [http-nio-8080-exec-7] c.a.c.CustomerController                 : WARN log
2025-07-05T11:36:09.148+05:30 ERROR 10872 --- [adhivedha] [http-nio-8080-exec-7] c.a.c.CustomerController                 : ERROR log
2025-07-05T11:36:41.075+05:30  WARN 10872 --- [adhivedha] [http-nio-8080-exec-8] .w.s.m.s.DefaultHandlerExceptionResolver : Ignoring exception, response committed already: org.springframework.web.bind.MissingServletRequestParameterException: Required request parameter 'code' for method parameter type String is not present
2025-07-05T11:36:41.076+05:30  WARN 10872 --- [adhivedha] [http-nio-8080-exec-8] .w.s.m.s.DefaultHandlerExceptionResolver : Resolved [org.springframework.web.bind.MissingServletRequestParameterException: Required request parameter 'code' for method parameter type String is not present]
2025-07-05T11:37:54.698+05:30  INFO 10872 --- [adhivedha] [http-nio-8080-exec-5] c.a.c.CustomerController                 : INFO log
2025-07-05T11:37:54.699+05:30  WARN 10872 --- [adhivedha] [http-nio-8080-exec-5] c.a.c.CustomerController                 : WARN log
2025-07-05T11:37:54.699+05:30 ERROR 10872 --- [adhivedha] [http-nio-8080-exec-5] c.a.c.CustomerController                 : ERROR log
2025-07-05T11:43:07.101+05:30  INFO 14316 --- [adhivedha] [main] c.a.SpringBootDataMongodbApplication     : Starting SpringBootDataMongodbApplication using Java 17.0.14 with PID 14316 (D:\H\av-be\bin\main started by user in D:\H\av-be)
2025-07-05T11:43:07.112+05:30  INFO 14316 --- [adhivedha] [main] c.a.SpringBootDataMongodbApplication     : No active profile set, falling back to 1 default profile: "default"
2025-07-05T11:43:08.012+05:30  INFO 14316 --- [adhivedha] [main] .s.d.r.c.RepositoryConfigurationDelegate : Bootstrapping Spring Data MongoDB repositories in DEFAULT mode.
2025-07-05T11:43:08.100+05:30  INFO 14316 --- [adhivedha] [main] .s.d.r.c.RepositoryConfigurationDelegate : Finished Spring Data repository scanning in 78 ms. Found 4 MongoDB repository interfaces.
2025-07-05T11:43:08.713+05:30  INFO 14316 --- [adhivedha] [main] o.s.b.w.e.t.TomcatWebServer              : Tomcat initialized with port 8080 (http)
2025-07-05T11:43:08.738+05:30  INFO 14316 --- [adhivedha] [main] o.a.c.c.StandardService                  : Starting service [Tomcat]
2025-07-05T11:43:08.739+05:30  INFO 14316 --- [adhivedha] [main] o.a.c.c.StandardEngine                   : Starting Servlet engine: [Apache Tomcat/10.1.34]
2025-07-05T11:43:08.813+05:30  INFO 14316 --- [adhivedha] [main] o.a.c.c.C.[.[.[/]                        : Initializing Spring embedded WebApplicationContext
2025-07-05T11:43:08.814+05:30  INFO 14316 --- [adhivedha] [main] w.s.c.ServletWebServerApplicationContext : Root WebApplicationContext: initialization completed in 1625 ms
2025-07-05T11:43:09.179+05:30  INFO 14316 --- [adhivedha] [main] o.m.d.client                             : MongoClient with metadata {"driver": {"name": "mongo-java-driver|sync|spring-boot", "version": "5.2.1"}, "os": {"type": "Windows", "name": "Windows 11", "architecture": "amd64", "version": "10.0"}, "platform": "Java/Oracle Corporation/17.0.14+8-LTS-191"} created with settings MongoClientSettings{readPreference=primary, writeConcern=WriteConcern{w=null, wTimeout=null ms, journal=null}, retryWrites=true, retryReads=true, readConcern=ReadConcern{level=null}, credential=null, transportSettings=null, commandListeners=[], codecRegistry=ProvidersCodecRegistry{codecProviders=[ValueCodecProvider{}, BsonValueCodecProvider{}, DBRefCodecProvider{}, DBObjectCodecProvider{}, DocumentCodecProvider{}, CollectionCodecProvider{}, IterableCodecProvider{}, MapCodecProvider{}, GeoJsonCodecProvider{}, GridFSFileCodecProvider{}, Jsr310CodecProvider{}, JsonObjectCodecProvider{}, BsonCodecProvider{}, EnumCodecProvider{}, com.mongodb.client.model.mql.ExpressionCodecProvider@35563e4c, com.mongodb.Jep395RecordCodecProvider@6dd79214, com.mongodb.KotlinCodecProvider@ef86c72]}, loggerSettings=LoggerSettings{maxDocumentLength=1000}, clusterSettings={hosts=[localhost:27017], srvServiceName=mongodb, mode=SINGLE, requiredClusterType=UNKNOWN, requiredReplicaSetName='null', serverSelector='null', clusterListeners='[]', serverSelectionTimeout='30000 ms', localThreshold='15 ms'}, socketSettings=SocketSettings{connectTimeoutMS=10000, readTimeoutMS=0, receiveBufferSize=0, proxySettings=ProxySettings{host=null, port=null, username=null, password=null}}, heartbeatSocketSettings=SocketSettings{connectTimeoutMS=10000, readTimeoutMS=10000, receiveBufferSize=0, proxySettings=ProxySettings{host=null, port=null, username=null, password=null}}, connectionPoolSettings=ConnectionPoolSettings{maxSize=100, minSize=0, maxWaitTimeMS=120000, maxConnectionLifeTimeMS=0, maxConnectionIdleTimeMS=0, maintenanceInitialDelayMS=0, maintenanceFrequencyMS=60000, connectionPoolListeners=[], maxConnecting=2}, serverSettings=ServerSettings{heartbeatFrequencyMS=10000, minHeartbeatFrequencyMS=500, serverMonitoringMode=AUTO, serverListeners='[]', serverMonitorListeners='[]'}, sslSettings=SslSettings{enabled=false, invalidHostNameAllowed=false, context=null}, applicationName='null', compressorList=[], uuidRepresentation=JAVA_LEGACY, serverApi=null, autoEncryptionSettings=null, dnsClient=null, inetAddressResolver=null, contextProvider=null, timeoutMS=null}
2025-07-05T11:43:09.207+05:30  INFO 14316 --- [adhivedha] [cluster-ClusterId{value='6868c275815bcf7a15645f08', description='null'}-localhost:27017] o.m.d.cluster                            : Monitor thread successfully connected to server with description ServerDescription{address=localhost:27017, type=STANDALONE, cryptd=false, state=CONNECTED, ok=true, minWireVersion=0, maxWireVersion=25, maxDocumentSize=16777216, logicalSessionTimeoutMinutes=30, roundTripTimeNanos=30679900, minRoundTripTimeNanos=0}
2025-07-05T11:43:10.100+05:30  WARN 14316 --- [adhivedha] [main] .s.s.UserDetailsServiceAutoConfiguration : 

Using generated security password: 233f2624-ccfa-4c8e-8879-fe7c51bc234c

This generated password is for development use only. Your security configuration must be updated before running your application in production.

2025-07-05T11:43:10.176+05:30  INFO 14316 --- [adhivedha] [main] r$InitializeUserDetailsManagerConfigurer : Global AuthenticationManager configured with UserDetailsService bean with name inMemoryUserDetailsManager
2025-07-05T11:43:10.401+05:30  INFO 14316 --- [adhivedha] [main] o.s.b.a.w.s.WelcomePageHandlerMapping    : Adding welcome page: class path resource [public/index.html]
2025-07-05T11:43:11.075+05:30  INFO 14316 --- [adhivedha] [main] o.s.b.w.e.t.TomcatWebServer              : Tomcat started on port 8080 (http) with context path '/'
2025-07-05T11:43:11.089+05:30  INFO 14316 --- [adhivedha] [main] c.a.SpringBootDataMongodbApplication     : Started SpringBootDataMongodbApplication in 4.725 seconds (process running for 7.284)
2025-07-05T11:43:25.575+05:30  INFO 14316 --- [adhivedha] [http-nio-8080-exec-3] o.a.c.c.C.[.[.[/]                        : Initializing Spring DispatcherServlet 'dispatcherServlet'
2025-07-05T11:43:25.577+05:30  INFO 14316 --- [adhivedha] [http-nio-8080-exec-3] o.s.w.s.DispatcherServlet                : Initializing Servlet 'dispatcherServlet'
2025-07-05T11:43:25.582+05:30  INFO 14316 --- [adhivedha] [http-nio-8080-exec-3] o.s.w.s.DispatcherServlet                : Completed initialization in 3 ms
2025-07-05T11:44:41.631+05:30  INFO 14316 --- [adhivedha] [http-nio-8080-exec-4] c.a.c.CustomerController                 : INFO log
2025-07-05T11:44:41.632+05:30  WARN 14316 --- [adhivedha] [http-nio-8080-exec-4] c.a.c.CustomerController                 : WARN log
2025-07-05T11:44:41.633+05:30 ERROR 14316 --- [adhivedha] [http-nio-8080-exec-4] c.a.c.CustomerController                 : ERROR log
2025-07-05T11:46:45.720+05:30  INFO 14704 --- [adhivedha] [main] c.a.SpringBootDataMongodbApplication     : Starting SpringBootDataMongodbApplication using Java 17.0.14 with PID 14704 (D:\H\av-be\bin\main started by user in D:\H\av-be)
2025-07-05T11:46:45.737+05:30  INFO 14704 --- [adhivedha] [main] c.a.SpringBootDataMongodbApplication     : No active profile set, falling back to 1 default profile: "default"
2025-07-05T11:46:46.939+05:30  INFO 14704 --- [adhivedha] [main] .s.d.r.c.RepositoryConfigurationDelegate : Bootstrapping Spring Data MongoDB repositories in DEFAULT mode.
2025-07-05T11:46:47.041+05:30  INFO 14704 --- [adhivedha] [main] .s.d.r.c.RepositoryConfigurationDelegate : Finished Spring Data repository scanning in 91 ms. Found 4 MongoDB repository interfaces.
2025-07-05T11:46:47.741+05:30  INFO 14704 --- [adhivedha] [main] o.s.b.w.e.t.TomcatWebServer              : Tomcat initialized with port 8080 (http)
2025-07-05T11:46:47.771+05:30  INFO 14704 --- [adhivedha] [main] o.a.c.c.StandardService                  : Starting service [Tomcat]
2025-07-05T11:46:47.772+05:30  INFO 14704 --- [adhivedha] [main] o.a.c.c.StandardEngine                   : Starting Servlet engine: [Apache Tomcat/10.1.34]
2025-07-05T11:46:47.855+05:30  INFO 14704 --- [adhivedha] [main] o.a.c.c.C.[.[.[/]                        : Initializing Spring embedded WebApplicationContext
2025-07-05T11:46:47.856+05:30  INFO 14704 --- [adhivedha] [main] w.s.c.ServletWebServerApplicationContext : Root WebApplicationContext: initialization completed in 1984 ms
2025-07-05T11:46:48.276+05:30  INFO 14704 --- [adhivedha] [main] o.m.d.client                             : MongoClient with metadata {"driver": {"name": "mongo-java-driver|sync|spring-boot", "version": "5.2.1"}, "os": {"type": "Windows", "name": "Windows 11", "architecture": "amd64", "version": "10.0"}, "platform": "Java/Oracle Corporation/17.0.14+8-LTS-191"} created with settings MongoClientSettings{readPreference=primary, writeConcern=WriteConcern{w=null, wTimeout=null ms, journal=null}, retryWrites=true, retryReads=true, readConcern=ReadConcern{level=null}, credential=null, transportSettings=null, commandListeners=[], codecRegistry=ProvidersCodecRegistry{codecProviders=[ValueCodecProvider{}, BsonValueCodecProvider{}, DBRefCodecProvider{}, DBObjectCodecProvider{}, DocumentCodecProvider{}, CollectionCodecProvider{}, IterableCodecProvider{}, MapCodecProvider{}, GeoJsonCodecProvider{}, GridFSFileCodecProvider{}, Jsr310CodecProvider{}, JsonObjectCodecProvider{}, BsonCodecProvider{}, EnumCodecProvider{}, com.mongodb.client.model.mql.ExpressionCodecProvider@1fe8f5e8, com.mongodb.Jep395RecordCodecProvider@39449465, com.mongodb.KotlinCodecProvider@6e3dd5ce]}, loggerSettings=LoggerSettings{maxDocumentLength=1000}, clusterSettings={hosts=[localhost:27017], srvServiceName=mongodb, mode=SINGLE, requiredClusterType=UNKNOWN, requiredReplicaSetName='null', serverSelector='null', clusterListeners='[]', serverSelectionTimeout='30000 ms', localThreshold='15 ms'}, socketSettings=SocketSettings{connectTimeoutMS=10000, readTimeoutMS=0, receiveBufferSize=0, proxySettings=ProxySettings{host=null, port=null, username=null, password=null}}, heartbeatSocketSettings=SocketSettings{connectTimeoutMS=10000, readTimeoutMS=10000, receiveBufferSize=0, proxySettings=ProxySettings{host=null, port=null, username=null, password=null}}, connectionPoolSettings=ConnectionPoolSettings{maxSize=100, minSize=0, maxWaitTimeMS=120000, maxConnectionLifeTimeMS=0, maxConnectionIdleTimeMS=0, maintenanceInitialDelayMS=0, maintenanceFrequencyMS=60000, connectionPoolListeners=[], maxConnecting=2}, serverSettings=ServerSettings{heartbeatFrequencyMS=10000, minHeartbeatFrequencyMS=500, serverMonitoringMode=AUTO, serverListeners='[]', serverMonitorListeners='[]'}, sslSettings=SslSettings{enabled=false, invalidHostNameAllowed=false, context=null}, applicationName='null', compressorList=[], uuidRepresentation=JAVA_LEGACY, serverApi=null, autoEncryptionSettings=null, dnsClient=null, inetAddressResolver=null, contextProvider=null, timeoutMS=null}
2025-07-05T11:46:48.324+05:30  INFO 14704 --- [adhivedha] [cluster-ClusterId{value='6868c3501581250e29c0edb9', description='null'}-localhost:27017] o.m.d.cluster                            : Monitor thread successfully connected to server with description ServerDescription{address=localhost:27017, type=STANDALONE, cryptd=false, state=CONNECTED, ok=true, minWireVersion=0, maxWireVersion=25, maxDocumentSize=16777216, logicalSessionTimeoutMinutes=30, roundTripTimeNanos=50766701, minRoundTripTimeNanos=0}
2025-07-05T11:46:50.477+05:30  WARN 14704 --- [adhivedha] [main] .s.s.UserDetailsServiceAutoConfiguration : 

Using generated security password: cf3918fb-50cd-40a1-b191-b3c2fdcc8769

This generated password is for development use only. Your security configuration must be updated before running your application in production.

2025-07-05T11:46:50.603+05:30  INFO 14704 --- [adhivedha] [main] r$InitializeUserDetailsManagerConfigurer : Global AuthenticationManager configured with UserDetailsService bean with name inMemoryUserDetailsManager
2025-07-05T11:46:50.725+05:30  INFO 14704 --- [adhivedha] [main] o.s.b.a.w.s.WelcomePageHandlerMapping    : Adding welcome page: class path resource [public/index.html]
2025-07-05T11:46:51.248+05:30  INFO 14704 --- [adhivedha] [main] o.s.b.w.e.t.TomcatWebServer              : Tomcat started on port 8080 (http) with context path '/'
2025-07-05T11:46:51.260+05:30  INFO 14704 --- [adhivedha] [main] c.a.SpringBootDataMongodbApplication     : Started SpringBootDataMongodbApplication in 6.489 seconds (process running for 8.698)
2025-07-05T11:47:07.886+05:30  INFO 14704 --- [adhivedha] [http-nio-8080-exec-1] o.a.c.c.C.[.[.[/]                        : Initializing Spring DispatcherServlet 'dispatcherServlet'
2025-07-05T11:47:07.887+05:30  INFO 14704 --- [adhivedha] [http-nio-8080-exec-1] o.s.w.s.DispatcherServlet                : Initializing Servlet 'dispatcherServlet'
2025-07-05T11:47:07.890+05:30  INFO 14704 --- [adhivedha] [http-nio-8080-exec-1] o.s.w.s.DispatcherServlet                : Completed initialization in 3 ms
2025-07-05T11:47:08.059+05:30  INFO 14704 --- [adhivedha] [http-nio-8080-exec-1] c.a.c.CustomerController                 : INFO log
2025-07-05T11:47:08.060+05:30  WARN 14704 --- [adhivedha] [http-nio-8080-exec-1] c.a.c.CustomerController                 : WARN log
2025-07-05T11:47:08.060+05:30 ERROR 14704 --- [adhivedha] [http-nio-8080-exec-1] c.a.c.CustomerController                 : ERROR log
2025-07-05T11:53:27.048+05:30  INFO 14704 --- [adhivedha] [http-nio-8080-exec-6] c.a.c.CustomerController                 : INFO log
2025-07-05T11:53:27.049+05:30  WARN 14704 --- [adhivedha] [http-nio-8080-exec-6] c.a.c.CustomerController                 : WARN log
2025-07-05T11:53:27.050+05:30 ERROR 14704 --- [adhivedha] [http-nio-8080-exec-6] c.a.c.CustomerController                 : ERROR log
2025-07-05T12:08:13.510+05:30  INFO 14704 --- [adhivedha] [http-nio-8080-exec-10] c.a.c.CustomerController                 : INFO log
2025-07-05T12:08:13.511+05:30  WARN 14704 --- [adhivedha] [http-nio-8080-exec-10] c.a.c.CustomerController                 : WARN log
2025-07-05T12:08:13.512+05:30 ERROR 14704 --- [adhivedha] [http-nio-8080-exec-10] c.a.c.CustomerController                 : ERROR log
2025-07-05T12:12:50.829+05:30  INFO 14704 --- [adhivedha] [http-nio-8080-exec-6] c.a.c.CustomerController                 : INFO log
2025-07-05T12:12:50.830+05:30  WARN 14704 --- [adhivedha] [http-nio-8080-exec-6] c.a.c.CustomerController                 : WARN log
2025-07-05T12:12:50.831+05:30 ERROR 14704 --- [adhivedha] [http-nio-8080-exec-6] c.a.c.CustomerController                 : ERROR log
2025-07-05T12:15:36.453+05:30  INFO 14704 --- [adhivedha] [http-nio-8080-exec-10] c.a.c.CustomerController                 : INFO log
2025-07-05T12:15:36.454+05:30  WARN 14704 --- [adhivedha] [http-nio-8080-exec-10] c.a.c.CustomerController                 : WARN log
2025-07-05T12:15:36.455+05:30 ERROR 14704 --- [adhivedha] [http-nio-8080-exec-10] c.a.c.CustomerController                 : ERROR log
2025-07-05T12:18:44.191+05:30  WARN 14704 --- [adhivedha] [http-nio-8080-exec-2] .w.s.m.s.DefaultHandlerExceptionResolver : Ignoring exception, response committed already: org.springframework.web.bind.MissingServletRequestParameterException: Required request parameter 'code' for method parameter type String is not present
2025-07-05T12:18:44.195+05:30  WARN 14704 --- [adhivedha] [http-nio-8080-exec-2] .w.s.m.s.DefaultHandlerExceptionResolver : Resolved [org.springframework.web.bind.MissingServletRequestParameterException: Required request parameter 'code' for method parameter type String is not present]
2025-07-05T12:21:02.847+05:30  WARN 14704 --- [adhivedha] [http-nio-8080-exec-7] .w.s.m.s.DefaultHandlerExceptionResolver : Ignoring exception, response committed already: org.springframework.web.bind.MissingServletRequestParameterException: Required request parameter 'code' for method parameter type String is not present
2025-07-05T12:21:02.848+05:30  WARN 14704 --- [adhivedha] [http-nio-8080-exec-7] .w.s.m.s.DefaultHandlerExceptionResolver : Resolved [org.springframework.web.bind.MissingServletRequestParameterException: Required request parameter 'code' for method parameter type String is not present]
2025-07-05T12:22:09.655+05:30  INFO 14704 --- [adhivedha] [http-nio-8080-exec-10] c.a.c.CustomerController                 : INFO log
2025-07-05T12:22:09.656+05:30  WARN 14704 --- [adhivedha] [http-nio-8080-exec-10] c.a.c.CustomerController                 : WARN log
2025-07-05T12:22:09.656+05:30 ERROR 14704 --- [adhivedha] [http-nio-8080-exec-10] c.a.c.CustomerController                 : ERROR log
2025-07-05T12:22:33.330+05:30  INFO 14704 --- [adhivedha] [http-nio-8080-exec-1] c.a.c.CustomerController                 : INFO log
2025-07-05T12:22:33.339+05:30  WARN 14704 --- [adhivedha] [http-nio-8080-exec-1] c.a.c.CustomerController                 : WARN log
2025-07-05T12:22:33.339+05:30 ERROR 14704 --- [adhivedha] [http-nio-8080-exec-1] c.a.c.CustomerController                 : ERROR log
2025-07-05T12:25:55.704+05:30  INFO 14704 --- [adhivedha] [http-nio-8080-exec-6] c.a.c.CustomerController                 : INFO log
2025-07-05T12:25:55.707+05:30  WARN 14704 --- [adhivedha] [http-nio-8080-exec-6] c.a.c.CustomerController                 : WARN log
2025-07-05T12:25:55.707+05:30 ERROR 14704 --- [adhivedha] [http-nio-8080-exec-6] c.a.c.CustomerController                 : ERROR log
2025-07-05T12:29:41.171+05:30  WARN 14704 --- [adhivedha] [http-nio-8080-exec-1] .w.s.m.s.DefaultHandlerExceptionResolver : Resolved [org.springframework.web.HttpRequestMethodNotSupportedException: Request method 'GET' is not supported]
2025-07-05T12:31:01.962+05:30  INFO 14704 --- [adhivedha] [http-nio-8080-exec-3] c.a.c.CustomerController                 : INFO log
2025-07-05T12:31:01.964+05:30  WARN 14704 --- [adhivedha] [http-nio-8080-exec-3] c.a.c.CustomerController                 : WARN log
2025-07-05T12:31:01.965+05:30 ERROR 14704 --- [adhivedha] [http-nio-8080-exec-3] c.a.c.CustomerController                 : ERROR log
2025-07-05T12:34:49.446+05:30  INFO 14704 --- [adhivedha] [http-nio-8080-exec-8] c.a.c.CustomerController                 : INFO log
2025-07-05T12:34:49.450+05:30  WARN 14704 --- [adhivedha] [http-nio-8080-exec-8] c.a.c.CustomerController                 : WARN log
2025-07-05T12:34:49.450+05:30 ERROR 14704 --- [adhivedha] [http-nio-8080-exec-8] c.a.c.CustomerController                 : ERROR log
2025-07-05T12:41:46.413+05:30  INFO 14704 --- [adhivedha] [RMI TCP Connection(37)-127.0.0.1] inMXBeanRegistrar$SpringApplicationAdmin : Application shutdown requested.
2025-07-05T12:41:46.473+05:30  INFO 14704 --- [adhivedha] [RMI TCP Connection(37)-127.0.0.1] o.s.b.w.e.t.GracefulShutdown             : Commencing graceful shutdown. Waiting for active requests to complete
2025-07-05T12:41:46.541+05:30  INFO 14704 --- [adhivedha] [tomcat-shutdown] o.s.b.w.e.t.GracefulShutdown             : Graceful shutdown complete
2025-07-05T12:41:59.123+05:30  INFO 27356 --- [adhivedha] [main] c.a.SpringBootDataMongodbApplication     : Starting SpringBootDataMongodbApplication using Java 17.0.14 with PID 27356 (D:\H\av-be\bin\main started by user in D:\H\av-be)
2025-07-05T12:41:59.135+05:30  INFO 27356 --- [adhivedha] [main] c.a.SpringBootDataMongodbApplication     : No active profile set, falling back to 1 default profile: "default"
2025-07-05T12:42:00.078+05:30  INFO 27356 --- [adhivedha] [main] .s.d.r.c.RepositoryConfigurationDelegate : Bootstrapping Spring Data MongoDB repositories in DEFAULT mode.
2025-07-05T12:42:00.157+05:30  INFO 27356 --- [adhivedha] [main] .s.d.r.c.RepositoryConfigurationDelegate : Finished Spring Data repository scanning in 69 ms. Found 4 MongoDB repository interfaces.
2025-07-05T12:42:00.754+05:30  INFO 27356 --- [adhivedha] [main] o.s.b.w.e.t.TomcatWebServer              : Tomcat initialized with port 8080 (http)
2025-07-05T12:42:00.777+05:30  INFO 27356 --- [adhivedha] [main] o.a.c.c.StandardService                  : Starting service [Tomcat]
2025-07-05T12:42:00.777+05:30  INFO 27356 --- [adhivedha] [main] o.a.c.c.StandardEngine                   : Starting Servlet engine: [Apache Tomcat/10.1.34]
2025-07-05T12:42:00.847+05:30  INFO 27356 --- [adhivedha] [main] o.a.c.c.C.[.[.[/]                        : Initializing Spring embedded WebApplicationContext
2025-07-05T12:42:00.848+05:30  INFO 27356 --- [adhivedha] [main] w.s.c.ServletWebServerApplicationContext : Root WebApplicationContext: initialization completed in 1635 ms
2025-07-05T12:42:01.183+05:30  INFO 27356 --- [adhivedha] [main] o.m.d.client                             : MongoClient with metadata {"driver": {"name": "mongo-java-driver|sync|spring-boot", "version": "5.2.1"}, "os": {"type": "Windows", "name": "Windows 11", "architecture": "amd64", "version": "10.0"}, "platform": "Java/Oracle Corporation/17.0.14+8-LTS-191"} created with settings MongoClientSettings{readPreference=primary, writeConcern=WriteConcern{w=null, wTimeout=null ms, journal=null}, retryWrites=true, retryReads=true, readConcern=ReadConcern{level=null}, credential=null, transportSettings=null, commandListeners=[], codecRegistry=ProvidersCodecRegistry{codecProviders=[ValueCodecProvider{}, BsonValueCodecProvider{}, DBRefCodecProvider{}, DBObjectCodecProvider{}, DocumentCodecProvider{}, CollectionCodecProvider{}, IterableCodecProvider{}, MapCodecProvider{}, GeoJsonCodecProvider{}, GridFSFileCodecProvider{}, Jsr310CodecProvider{}, JsonObjectCodecProvider{}, BsonCodecProvider{}, EnumCodecProvider{}, com.mongodb.client.model.mql.ExpressionCodecProvider@53016b11, com.mongodb.Jep395RecordCodecProvider@7af327e3, com.mongodb.KotlinCodecProvider@743d0d44]}, loggerSettings=LoggerSettings{maxDocumentLength=1000}, clusterSettings={hosts=[localhost:27017], srvServiceName=mongodb, mode=SINGLE, requiredClusterType=UNKNOWN, requiredReplicaSetName='null', serverSelector='null', clusterListeners='[]', serverSelectionTimeout='30000 ms', localThreshold='15 ms'}, socketSettings=SocketSettings{connectTimeoutMS=10000, readTimeoutMS=0, receiveBufferSize=0, proxySettings=ProxySettings{host=null, port=null, username=null, password=null}}, heartbeatSocketSettings=SocketSettings{connectTimeoutMS=10000, readTimeoutMS=10000, receiveBufferSize=0, proxySettings=ProxySettings{host=null, port=null, username=null, password=null}}, connectionPoolSettings=ConnectionPoolSettings{maxSize=100, minSize=0, maxWaitTimeMS=120000, maxConnectionLifeTimeMS=0, maxConnectionIdleTimeMS=0, maintenanceInitialDelayMS=0, maintenanceFrequencyMS=60000, connectionPoolListeners=[], maxConnecting=2}, serverSettings=ServerSettings{heartbeatFrequencyMS=10000, minHeartbeatFrequencyMS=500, serverMonitoringMode=AUTO, serverListeners='[]', serverMonitorListeners='[]'}, sslSettings=SslSettings{enabled=false, invalidHostNameAllowed=false, context=null}, applicationName='null', compressorList=[], uuidRepresentation=JAVA_LEGACY, serverApi=null, autoEncryptionSettings=null, dnsClient=null, inetAddressResolver=null, contextProvider=null, timeoutMS=null}
2025-07-05T12:42:01.208+05:30  INFO 27356 --- [adhivedha] [cluster-ClusterId{value='6868d041cf45273e6aa0079e', description='null'}-localhost:27017] o.m.d.cluster                            : Monitor thread successfully connected to server with description ServerDescription{address=localhost:27017, type=STANDALONE, cryptd=false, state=CONNECTED, ok=true, minWireVersion=0, maxWireVersion=25, maxDocumentSize=16777216, logicalSessionTimeoutMinutes=30, roundTripTimeNanos=28007100, minRoundTripTimeNanos=0}
2025-07-05T12:42:01.998+05:30  WARN 27356 --- [adhivedha] [main] .s.s.UserDetailsServiceAutoConfiguration : 

Using generated security password: c5c2cc73-4c11-4d46-8b50-5b19023823da

This generated password is for development use only. Your security configuration must be updated before running your application in production.

2025-07-05T12:42:02.036+05:30  INFO 27356 --- [adhivedha] [main] r$InitializeUserDetailsManagerConfigurer : Global AuthenticationManager configured with UserDetailsService bean with name inMemoryUserDetailsManager
2025-07-05T12:42:02.140+05:30  INFO 27356 --- [adhivedha] [main] o.s.b.a.w.s.WelcomePageHandlerMapping    : Adding welcome page: class path resource [public/index.html]
2025-07-05T12:42:02.611+05:30  INFO 27356 --- [adhivedha] [main] o.s.b.w.e.t.TomcatWebServer              : Tomcat started on port 8080 (http) with context path '/'
2025-07-05T12:42:02.623+05:30  INFO 27356 --- [adhivedha] [main] c.a.SpringBootDataMongodbApplication     : Started SpringBootDataMongodbApplication in 4.132 seconds (process running for 6.088)
2025-07-05T12:42:18.383+05:30  INFO 27356 --- [adhivedha] [http-nio-8080-exec-2] o.a.c.c.C.[.[.[/]                        : Initializing Spring DispatcherServlet 'dispatcherServlet'
2025-07-05T12:42:18.385+05:30  INFO 27356 --- [adhivedha] [http-nio-8080-exec-2] o.s.w.s.DispatcherServlet                : Initializing Servlet 'dispatcherServlet'
2025-07-05T12:42:18.388+05:30  INFO 27356 --- [adhivedha] [http-nio-8080-exec-2] o.s.w.s.DispatcherServlet                : Completed initialization in 2 ms
2025-07-05T12:46:45.436+05:30  INFO 8136 --- [adhivedha] [main] c.a.SpringBootDataMongodbApplication     : Starting SpringBootDataMongodbApplication using Java 17.0.14 with PID 8136 (D:\H\av-be\bin\main started by user in D:\H\av-be)
2025-07-05T12:46:45.446+05:30  INFO 8136 --- [adhivedha] [main] c.a.SpringBootDataMongodbApplication     : No active profile set, falling back to 1 default profile: "default"
2025-07-05T12:46:46.180+05:30  INFO 8136 --- [adhivedha] [main] .s.d.r.c.RepositoryConfigurationDelegate : Bootstrapping Spring Data MongoDB repositories in DEFAULT mode.
2025-07-05T12:46:46.262+05:30  INFO 8136 --- [adhivedha] [main] .s.d.r.c.RepositoryConfigurationDelegate : Finished Spring Data repository scanning in 67 ms. Found 4 MongoDB repository interfaces.
2025-07-05T12:46:46.821+05:30  INFO 8136 --- [adhivedha] [main] o.s.b.w.e.t.TomcatWebServer              : Tomcat initialized with port 8080 (http)
2025-07-05T12:46:46.841+05:30  INFO 8136 --- [adhivedha] [main] o.a.c.c.StandardService                  : Starting service [Tomcat]
2025-07-05T12:46:46.842+05:30  INFO 8136 --- [adhivedha] [main] o.a.c.c.StandardEngine                   : Starting Servlet engine: [Apache Tomcat/10.1.34]
2025-07-05T12:46:46.919+05:30  INFO 8136 --- [adhivedha] [main] o.a.c.c.C.[.[.[/]                        : Initializing Spring embedded WebApplicationContext
2025-07-05T12:46:46.920+05:30  INFO 8136 --- [adhivedha] [main] w.s.c.ServletWebServerApplicationContext : Root WebApplicationContext: initialization completed in 1410 ms
2025-07-05T12:46:47.241+05:30  INFO 8136 --- [adhivedha] [main] o.m.d.client                             : MongoClient with metadata {"driver": {"name": "mongo-java-driver|sync|spring-boot", "version": "5.2.1"}, "os": {"type": "Windows", "name": "Windows 11", "architecture": "amd64", "version": "10.0"}, "platform": "Java/Oracle Corporation/17.0.14+8-LTS-191"} created with settings MongoClientSettings{readPreference=primary, writeConcern=WriteConcern{w=null, wTimeout=null ms, journal=null}, retryWrites=true, retryReads=true, readConcern=ReadConcern{level=null}, credential=null, transportSettings=null, commandListeners=[], codecRegistry=ProvidersCodecRegistry{codecProviders=[ValueCodecProvider{}, BsonValueCodecProvider{}, DBRefCodecProvider{}, DBObjectCodecProvider{}, DocumentCodecProvider{}, CollectionCodecProvider{}, IterableCodecProvider{}, MapCodecProvider{}, GeoJsonCodecProvider{}, GridFSFileCodecProvider{}, Jsr310CodecProvider{}, JsonObjectCodecProvider{}, BsonCodecProvider{}, EnumCodecProvider{}, com.mongodb.client.model.mql.ExpressionCodecProvider@53125718, com.mongodb.Jep395RecordCodecProvider@53016b11, com.mongodb.KotlinCodecProvider@7af327e3]}, loggerSettings=LoggerSettings{maxDocumentLength=1000}, clusterSettings={hosts=[localhost:27017], srvServiceName=mongodb, mode=SINGLE, requiredClusterType=UNKNOWN, requiredReplicaSetName='null', serverSelector='null', clusterListeners='[]', serverSelectionTimeout='30000 ms', localThreshold='15 ms'}, socketSettings=SocketSettings{connectTimeoutMS=10000, readTimeoutMS=0, receiveBufferSize=0, proxySettings=ProxySettings{host=null, port=null, username=null, password=null}}, heartbeatSocketSettings=SocketSettings{connectTimeoutMS=10000, readTimeoutMS=10000, receiveBufferSize=0, proxySettings=ProxySettings{host=null, port=null, username=null, password=null}}, connectionPoolSettings=ConnectionPoolSettings{maxSize=100, minSize=0, maxWaitTimeMS=120000, maxConnectionLifeTimeMS=0, maxConnectionIdleTimeMS=0, maintenanceInitialDelayMS=0, maintenanceFrequencyMS=60000, connectionPoolListeners=[], maxConnecting=2}, serverSettings=ServerSettings{heartbeatFrequencyMS=10000, minHeartbeatFrequencyMS=500, serverMonitoringMode=AUTO, serverListeners='[]', serverMonitorListeners='[]'}, sslSettings=SslSettings{enabled=false, invalidHostNameAllowed=false, context=null}, applicationName='null', compressorList=[], uuidRepresentation=JAVA_LEGACY, serverApi=null, autoEncryptionSettings=null, dnsClient=null, inetAddressResolver=null, contextProvider=null, timeoutMS=null}
2025-07-05T12:46:47.264+05:30  INFO 8136 --- [adhivedha] [cluster-ClusterId{value='6868d15f93f7505ec299183d', description='null'}-localhost:27017] o.m.d.cluster                            : Monitor thread successfully connected to server with description ServerDescription{address=localhost:27017, type=STANDALONE, cryptd=false, state=CONNECTED, ok=true, minWireVersion=0, maxWireVersion=25, maxDocumentSize=16777216, logicalSessionTimeoutMinutes=30, roundTripTimeNanos=23637699, minRoundTripTimeNanos=0}
2025-07-05T12:46:47.966+05:30  WARN 8136 --- [adhivedha] [main] .s.s.UserDetailsServiceAutoConfiguration : 

Using generated security password: a22c077c-6143-4641-9767-6ef05404d7d8

This generated password is for development use only. Your security configuration must be updated before running your application in production.

2025-07-05T12:46:47.998+05:30  INFO 8136 --- [adhivedha] [main] r$InitializeUserDetailsManagerConfigurer : Global AuthenticationManager configured with UserDetailsService bean with name inMemoryUserDetailsManager
2025-07-05T12:46:48.078+05:30  INFO 8136 --- [adhivedha] [main] o.s.b.a.w.s.WelcomePageHandlerMapping    : Adding welcome page: class path resource [public/index.html]
2025-07-05T12:46:48.520+05:30  INFO 8136 --- [adhivedha] [main] o.s.b.w.e.t.TomcatWebServer              : Tomcat started on port 8080 (http) with context path '/'
2025-07-05T12:46:48.532+05:30  INFO 8136 --- [adhivedha] [main] c.a.SpringBootDataMongodbApplication     : Started SpringBootDataMongodbApplication in 3.632 seconds (process running for 5.359)
2025-07-05T12:47:02.121+05:30  INFO 8136 --- [adhivedha] [http-nio-8080-exec-6] o.a.c.c.C.[.[.[/]                        : Initializing Spring DispatcherServlet 'dispatcherServlet'
2025-07-05T12:47:02.122+05:30  INFO 8136 --- [adhivedha] [http-nio-8080-exec-6] o.s.w.s.DispatcherServlet                : Initializing Servlet 'dispatcherServlet'
2025-07-05T12:47:02.126+05:30  INFO 8136 --- [adhivedha] [http-nio-8080-exec-6] o.s.w.s.DispatcherServlet                : Completed initialization in 3 ms
2025-07-05T12:49:02.601+05:30  INFO 8136 --- [adhivedha] [http-nio-8080-exec-2] c.a.c.CustomerController                 : INFO log
2025-07-05T12:49:02.602+05:30  WARN 8136 --- [adhivedha] [http-nio-8080-exec-2] c.a.c.CustomerController                 : WARN log
2025-07-05T12:49:02.602+05:30 ERROR 8136 --- [adhivedha] [http-nio-8080-exec-2] c.a.c.CustomerController                 : ERROR log
2025-07-05T12:51:06.568+05:30  INFO 15572 --- [adhivedha] [main] c.a.SpringBootDataMongodbApplication     : Starting SpringBootDataMongodbApplication using Java 17.0.14 with PID 15572 (D:\H\av-be\bin\main started by user in D:\H\av-be)
2025-07-05T12:51:06.578+05:30  INFO 15572 --- [adhivedha] [main] c.a.SpringBootDataMongodbApplication     : No active profile set, falling back to 1 default profile: "default"
2025-07-05T12:51:07.382+05:30  INFO 15572 --- [adhivedha] [main] .s.d.r.c.RepositoryConfigurationDelegate : Bootstrapping Spring Data MongoDB repositories in DEFAULT mode.
2025-07-05T12:51:07.453+05:30  INFO 15572 --- [adhivedha] [main] .s.d.r.c.RepositoryConfigurationDelegate : Finished Spring Data repository scanning in 63 ms. Found 4 MongoDB repository interfaces.
2025-07-05T12:51:07.950+05:30  INFO 15572 --- [adhivedha] [main] o.s.b.w.e.t.TomcatWebServer              : Tomcat initialized with port 8080 (http)
2025-07-05T12:51:07.968+05:30  INFO 15572 --- [adhivedha] [main] o.a.c.c.StandardService                  : Starting service [Tomcat]
2025-07-05T12:51:07.969+05:30  INFO 15572 --- [adhivedha] [main] o.a.c.c.StandardEngine                   : Starting Servlet engine: [Apache Tomcat/10.1.34]
2025-07-05T12:51:08.031+05:30  INFO 15572 --- [adhivedha] [main] o.a.c.c.C.[.[.[/]                        : Initializing Spring embedded WebApplicationContext
2025-07-05T12:51:08.032+05:30  INFO 15572 --- [adhivedha] [main] w.s.c.ServletWebServerApplicationContext : Root WebApplicationContext: initialization completed in 1392 ms
2025-07-05T12:51:08.310+05:30  INFO 15572 --- [adhivedha] [main] o.m.d.client                             : MongoClient with metadata {"driver": {"name": "mongo-java-driver|sync|spring-boot", "version": "5.2.1"}, "os": {"type": "Windows", "name": "Windows 11", "architecture": "amd64", "version": "10.0"}, "platform": "Java/Oracle Corporation/17.0.14+8-LTS-191"} created with settings MongoClientSettings{readPreference=primary, writeConcern=WriteConcern{w=null, wTimeout=null ms, journal=null}, retryWrites=true, retryReads=true, readConcern=ReadConcern{level=null}, credential=null, transportSettings=null, commandListeners=[], codecRegistry=ProvidersCodecRegistry{codecProviders=[ValueCodecProvider{}, BsonValueCodecProvider{}, DBRefCodecProvider{}, DBObjectCodecProvider{}, DocumentCodecProvider{}, CollectionCodecProvider{}, IterableCodecProvider{}, MapCodecProvider{}, GeoJsonCodecProvider{}, GridFSFileCodecProvider{}, Jsr310CodecProvider{}, JsonObjectCodecProvider{}, BsonCodecProvider{}, EnumCodecProvider{}, com.mongodb.client.model.mql.ExpressionCodecProvider@774d8276, com.mongodb.Jep395RecordCodecProvider@6ce26986, com.mongodb.KotlinCodecProvider@2bf2d6eb]}, loggerSettings=LoggerSettings{maxDocumentLength=1000}, clusterSettings={hosts=[localhost:27017], srvServiceName=mongodb, mode=SINGLE, requiredClusterType=UNKNOWN, requiredReplicaSetName='null', serverSelector='null', clusterListeners='[]', serverSelectionTimeout='30000 ms', localThreshold='15 ms'}, socketSettings=SocketSettings{connectTimeoutMS=10000, readTimeoutMS=0, receiveBufferSize=0, proxySettings=ProxySettings{host=null, port=null, username=null, password=null}}, heartbeatSocketSettings=SocketSettings{connectTimeoutMS=10000, readTimeoutMS=10000, receiveBufferSize=0, proxySettings=ProxySettings{host=null, port=null, username=null, password=null}}, connectionPoolSettings=ConnectionPoolSettings{maxSize=100, minSize=0, maxWaitTimeMS=120000, maxConnectionLifeTimeMS=0, maxConnectionIdleTimeMS=0, maintenanceInitialDelayMS=0, maintenanceFrequencyMS=60000, connectionPoolListeners=[], maxConnecting=2}, serverSettings=ServerSettings{heartbeatFrequencyMS=10000, minHeartbeatFrequencyMS=500, serverMonitoringMode=AUTO, serverListeners='[]', serverMonitorListeners='[]'}, sslSettings=SslSettings{enabled=false, invalidHostNameAllowed=false, context=null}, applicationName='null', compressorList=[], uuidRepresentation=JAVA_LEGACY, serverApi=null, autoEncryptionSettings=null, dnsClient=null, inetAddressResolver=null, contextProvider=null, timeoutMS=null}
2025-07-05T12:51:08.328+05:30  INFO 15572 --- [adhivedha] [cluster-ClusterId{value='6868d264b64d6e234c25d6bf', description='null'}-localhost:27017] o.m.d.cluster                            : Monitor thread successfully connected to server with description ServerDescription{address=localhost:27017, type=STANDALONE, cryptd=false, state=CONNECTED, ok=true, minWireVersion=0, maxWireVersion=25, maxDocumentSize=16777216, logicalSessionTimeoutMinutes=30, roundTripTimeNanos=23098801, minRoundTripTimeNanos=0}
2025-07-05T12:51:08.925+05:30  WARN 15572 --- [adhivedha] [main] .s.s.UserDetailsServiceAutoConfiguration : 

Using generated security password: 6d4ca01d-9482-45e7-8ce2-95cfe4906063

This generated password is for development use only. Your security configuration must be updated before running your application in production.

2025-07-05T12:51:08.955+05:30  INFO 15572 --- [adhivedha] [main] r$InitializeUserDetailsManagerConfigurer : Global AuthenticationManager configured with UserDetailsService bean with name inMemoryUserDetailsManager
2025-07-05T12:51:09.040+05:30  INFO 15572 --- [adhivedha] [main] o.s.b.a.w.s.WelcomePageHandlerMapping    : Adding welcome page: class path resource [public/index.html]
2025-07-05T12:51:09.465+05:30  INFO 15572 --- [adhivedha] [main] o.s.b.w.e.t.TomcatWebServer              : Tomcat started on port 8080 (http) with context path '/'
2025-07-05T12:51:09.475+05:30  INFO 15572 --- [adhivedha] [main] c.a.SpringBootDataMongodbApplication     : Started SpringBootDataMongodbApplication in 3.705 seconds (process running for 4.888)
2025-07-05T12:51:50.144+05:30  INFO 15572 --- [adhivedha] [http-nio-8080-exec-5] o.a.c.c.C.[.[.[/]                        : Initializing Spring DispatcherServlet 'dispatcherServlet'
2025-07-05T12:51:50.144+05:30  INFO 15572 --- [adhivedha] [http-nio-8080-exec-5] o.s.w.s.DispatcherServlet                : Initializing Servlet 'dispatcherServlet'
2025-07-05T12:51:50.148+05:30  INFO 15572 --- [adhivedha] [http-nio-8080-exec-5] o.s.w.s.DispatcherServlet                : Completed initialization in 2 ms
2025-07-05T12:52:49.519+05:30  INFO 3616 --- [adhivedha] [main] c.a.SpringBootDataMongodbApplication     : Starting SpringBootDataMongodbApplication using Java 17.0.14 with PID 3616 (D:\H\av-be\bin\main started by user in D:\H\av-be)
2025-07-05T12:52:49.528+05:30  INFO 3616 --- [adhivedha] [main] c.a.SpringBootDataMongodbApplication     : No active profile set, falling back to 1 default profile: "default"
2025-07-05T12:52:50.270+05:30  INFO 3616 --- [adhivedha] [main] .s.d.r.c.RepositoryConfigurationDelegate : Bootstrapping Spring Data MongoDB repositories in DEFAULT mode.
2025-07-05T12:52:50.340+05:30  INFO 3616 --- [adhivedha] [main] .s.d.r.c.RepositoryConfigurationDelegate : Finished Spring Data repository scanning in 62 ms. Found 4 MongoDB repository interfaces.
2025-07-05T12:52:50.827+05:30  INFO 3616 --- [adhivedha] [main] o.s.b.w.e.t.TomcatWebServer              : Tomcat initialized with port 8080 (http)
2025-07-05T12:52:50.846+05:30  INFO 3616 --- [adhivedha] [main] o.a.c.c.StandardService                  : Starting service [Tomcat]
2025-07-05T12:52:50.846+05:30  INFO 3616 --- [adhivedha] [main] o.a.c.c.StandardEngine                   : Starting Servlet engine: [Apache Tomcat/10.1.34]
2025-07-05T12:52:50.906+05:30  INFO 3616 --- [adhivedha] [main] o.a.c.c.C.[.[.[/]                        : Initializing Spring embedded WebApplicationContext
2025-07-05T12:52:50.907+05:30  INFO 3616 --- [adhivedha] [main] w.s.c.ServletWebServerApplicationContext : Root WebApplicationContext: initialization completed in 1314 ms
2025-07-05T12:52:51.173+05:30  INFO 3616 --- [adhivedha] [main] o.m.d.client                             : MongoClient with metadata {"driver": {"name": "mongo-java-driver|sync|spring-boot", "version": "5.2.1"}, "os": {"type": "Windows", "name": "Windows 11", "architecture": "amd64", "version": "10.0"}, "platform": "Java/Oracle Corporation/17.0.14+8-LTS-191"} created with settings MongoClientSettings{readPreference=primary, writeConcern=WriteConcern{w=null, wTimeout=null ms, journal=null}, retryWrites=true, retryReads=true, readConcern=ReadConcern{level=null}, credential=null, transportSettings=null, commandListeners=[], codecRegistry=ProvidersCodecRegistry{codecProviders=[ValueCodecProvider{}, BsonValueCodecProvider{}, DBRefCodecProvider{}, DBObjectCodecProvider{}, DocumentCodecProvider{}, CollectionCodecProvider{}, IterableCodecProvider{}, MapCodecProvider{}, GeoJsonCodecProvider{}, GridFSFileCodecProvider{}, Jsr310CodecProvider{}, JsonObjectCodecProvider{}, BsonCodecProvider{}, EnumCodecProvider{}, com.mongodb.client.model.mql.ExpressionCodecProvider@1ea930eb, com.mongodb.Jep395RecordCodecProvider@2e0ad709, com.mongodb.KotlinCodecProvider@1fe8f5e8]}, loggerSettings=LoggerSettings{maxDocumentLength=1000}, clusterSettings={hosts=[localhost:27017], srvServiceName=mongodb, mode=SINGLE, requiredClusterType=UNKNOWN, requiredReplicaSetName='null', serverSelector='null', clusterListeners='[]', serverSelectionTimeout='30000 ms', localThreshold='15 ms'}, socketSettings=SocketSettings{connectTimeoutMS=10000, readTimeoutMS=0, receiveBufferSize=0, proxySettings=ProxySettings{host=null, port=null, username=null, password=null}}, heartbeatSocketSettings=SocketSettings{connectTimeoutMS=10000, readTimeoutMS=10000, receiveBufferSize=0, proxySettings=ProxySettings{host=null, port=null, username=null, password=null}}, connectionPoolSettings=ConnectionPoolSettings{maxSize=100, minSize=0, maxWaitTimeMS=120000, maxConnectionLifeTimeMS=0, maxConnectionIdleTimeMS=0, maintenanceInitialDelayMS=0, maintenanceFrequencyMS=60000, connectionPoolListeners=[], maxConnecting=2}, serverSettings=ServerSettings{heartbeatFrequencyMS=10000, minHeartbeatFrequencyMS=500, serverMonitoringMode=AUTO, serverListeners='[]', serverMonitorListeners='[]'}, sslSettings=SslSettings{enabled=false, invalidHostNameAllowed=false, context=null}, applicationName='null', compressorList=[], uuidRepresentation=JAVA_LEGACY, serverApi=null, autoEncryptionSettings=null, dnsClient=null, inetAddressResolver=null, contextProvider=null, timeoutMS=null}
2025-07-05T12:52:51.193+05:30  INFO 3616 --- [adhivedha] [cluster-ClusterId{value='6868d2cb7b70bd7a4014a6b7', description='null'}-localhost:27017] o.m.d.cluster                            : Monitor thread successfully connected to server with description ServerDescription{address=localhost:27017, type=STANDALONE, cryptd=false, state=CONNECTED, ok=true, minWireVersion=0, maxWireVersion=25, maxDocumentSize=16777216, logicalSessionTimeoutMinutes=30, roundTripTimeNanos=24817399, minRoundTripTimeNanos=0}
2025-07-05T12:52:51.765+05:30  WARN 3616 --- [adhivedha] [main] .s.s.UserDetailsServiceAutoConfiguration : 

Using generated security password: 77c2dff5-9926-4993-b78f-2a098dbc5c94

This generated password is for development use only. Your security configuration must be updated before running your application in production.

2025-07-05T12:52:51.795+05:30  INFO 3616 --- [adhivedha] [main] r$InitializeUserDetailsManagerConfigurer : Global AuthenticationManager configured with UserDetailsService bean with name inMemoryUserDetailsManager
2025-07-05T12:52:51.868+05:30  INFO 3616 --- [adhivedha] [main] o.s.b.a.w.s.WelcomePageHandlerMapping    : Adding welcome page: class path resource [public/index.html]
2025-07-05T12:52:52.294+05:30  INFO 3616 --- [adhivedha] [main] o.s.b.w.e.t.TomcatWebServer              : Tomcat started on port 8080 (http) with context path '/'
2025-07-05T12:52:52.304+05:30  INFO 3616 --- [adhivedha] [main] c.a.SpringBootDataMongodbApplication     : Started SpringBootDataMongodbApplication in 3.279 seconds (process running for 4.846)
2025-07-05T12:53:05.257+05:30  INFO 3616 --- [adhivedha] [http-nio-8080-exec-2] o.a.c.c.C.[.[.[/]                        : Initializing Spring DispatcherServlet 'dispatcherServlet'
2025-07-05T12:53:05.258+05:30  INFO 3616 --- [adhivedha] [http-nio-8080-exec-2] o.s.w.s.DispatcherServlet                : Initializing Servlet 'dispatcherServlet'
2025-07-05T12:53:05.263+05:30  INFO 3616 --- [adhivedha] [http-nio-8080-exec-2] o.s.w.s.DispatcherServlet                : Completed initialization in 3 ms
2025-07-05T12:53:05.469+05:30  INFO 3616 --- [adhivedha] [http-nio-8080-exec-2] c.a.c.CustomerController                 : INFO log
2025-07-05T12:53:05.471+05:30  WARN 3616 --- [adhivedha] [http-nio-8080-exec-2] c.a.c.CustomerController                 : WARN log
2025-07-05T12:53:05.472+05:30 ERROR 3616 --- [adhivedha] [http-nio-8080-exec-2] c.a.c.CustomerController                 : ERROR log
2025-07-05T12:53:49.343+05:30  INFO 3616 --- [adhivedha] [http-nio-8080-exec-6] c.a.c.CustomerController                 : INFO log
2025-07-05T12:53:49.343+05:30  WARN 3616 --- [adhivedha] [http-nio-8080-exec-6] c.a.c.CustomerController                 : WARN log
2025-07-05T12:53:49.344+05:30 ERROR 3616 --- [adhivedha] [http-nio-8080-exec-6] c.a.c.CustomerController                 : ERROR log
2025-07-05T13:12:36.866+05:30  INFO 3616 --- [adhivedha] [http-nio-8080-exec-1] c.a.c.CustomerController                 : INFO log
2025-07-05T13:12:36.905+05:30  WARN 3616 --- [adhivedha] [http-nio-8080-exec-1] c.a.c.CustomerController                 : WARN log
2025-07-05T13:12:36.906+05:30 ERROR 3616 --- [adhivedha] [http-nio-8080-exec-1] c.a.c.CustomerController                 : ERROR log
2025-07-05T13:57:35.331+05:30  INFO 3616 --- [adhivedha] [http-nio-8080-exec-10] c.a.c.CustomerController                 : INFO log
2025-07-05T13:57:35.332+05:30  WARN 3616 --- [adhivedha] [http-nio-8080-exec-10] c.a.c.CustomerController                 : WARN log
2025-07-05T13:57:35.332+05:30 ERROR 3616 --- [adhivedha] [http-nio-8080-exec-10] c.a.c.CustomerController                 : ERROR log
2025-07-07T11:04:19.271+05:30  INFO 3616 --- [adhivedha] [http-nio-8080-exec-7] c.a.c.CustomerController                 : INFO log
2025-07-07T11:04:19.283+05:30  WARN 3616 --- [adhivedha] [http-nio-8080-exec-7] c.a.c.CustomerController                 : WARN log
2025-07-07T11:04:19.283+05:30 ERROR 3616 --- [adhivedha] [http-nio-8080-exec-7] c.a.c.CustomerController                 : ERROR log
2025-07-07T11:11:25.546+05:30  INFO 3616 --- [adhivedha] [http-nio-8080-exec-4] c.a.c.CustomerController                 : INFO log
2025-07-07T11:11:25.551+05:30  WARN 3616 --- [adhivedha] [http-nio-8080-exec-4] c.a.c.CustomerController                 : WARN log
2025-07-07T11:11:25.552+05:30 ERROR 3616 --- [adhivedha] [http-nio-8080-exec-4] c.a.c.CustomerController                 : ERROR log
2025-07-07T11:13:03.225+05:30  INFO 3616 --- [adhivedha] [http-nio-8080-exec-1] c.a.c.CustomerController                 : INFO log
2025-07-07T11:13:03.227+05:30  WARN 3616 --- [adhivedha] [http-nio-8080-exec-1] c.a.c.CustomerController                 : WARN log
2025-07-07T11:13:03.227+05:30 ERROR 3616 --- [adhivedha] [http-nio-8080-exec-1] c.a.c.CustomerController                 : ERROR log
2025-07-07T11:14:05.285+05:30  INFO 3616 --- [adhivedha] [http-nio-8080-exec-2] c.a.c.CustomerController                 : INFO log
2025-07-07T11:14:05.286+05:30  WARN 3616 --- [adhivedha] [http-nio-8080-exec-2] c.a.c.CustomerController                 : WARN log
2025-07-07T11:14:05.287+05:30 ERROR 3616 --- [adhivedha] [http-nio-8080-exec-2] c.a.c.CustomerController                 : ERROR log
2025-07-07T11:17:20.355+05:30  INFO 3616 --- [adhivedha] [http-nio-8080-exec-2] c.a.c.CustomerController                 : INFO log
2025-07-07T11:17:20.357+05:30  WARN 3616 --- [adhivedha] [http-nio-8080-exec-2] c.a.c.CustomerController                 : WARN log
2025-07-07T11:17:20.357+05:30 ERROR 3616 --- [adhivedha] [http-nio-8080-exec-2] c.a.c.CustomerController                 : ERROR log
2025-07-07T11:18:37.476+05:30  INFO 3616 --- [adhivedha] [http-nio-8080-exec-9] c.a.c.CustomerController                 : INFO log
2025-07-07T11:18:37.476+05:30  WARN 3616 --- [adhivedha] [http-nio-8080-exec-9] c.a.c.CustomerController                 : WARN log
2025-07-07T11:18:37.476+05:30 ERROR 3616 --- [adhivedha] [http-nio-8080-exec-9] c.a.c.CustomerController                 : ERROR log
2025-07-07T11:19:23.665+05:30  INFO 3616 --- [adhivedha] [http-nio-8080-exec-9] c.a.c.CustomerController                 : INFO log
2025-07-07T11:19:23.667+05:30  WARN 3616 --- [adhivedha] [http-nio-8080-exec-9] c.a.c.CustomerController                 : WARN log
2025-07-07T11:19:23.667+05:30 ERROR 3616 --- [adhivedha] [http-nio-8080-exec-9] c.a.c.CustomerController                 : ERROR log
2025-07-07T11:41:20.506+05:30  INFO 21164 --- [adhivedha] [main] c.a.SpringBootDataMongodbApplication     : Starting SpringBootDataMongodbApplication using Java 17.0.14 with PID 21164 (D:\H\av-be\bin\main started by user in D:\H\av-be)
2025-07-07T11:41:20.530+05:30  INFO 21164 --- [adhivedha] [main] c.a.SpringBootDataMongodbApplication     : No active profile set, falling back to 1 default profile: "default"
2025-07-07T11:41:21.550+05:30  INFO 21164 --- [adhivedha] [main] .s.d.r.c.RepositoryConfigurationDelegate : Bootstrapping Spring Data MongoDB repositories in DEFAULT mode.
2025-07-07T11:41:21.636+05:30  INFO 21164 --- [adhivedha] [main] .s.d.r.c.RepositoryConfigurationDelegate : Finished Spring Data repository scanning in 76 ms. Found 4 MongoDB repository interfaces.
2025-07-07T11:41:22.336+05:30  INFO 21164 --- [adhivedha] [main] o.s.b.w.e.t.TomcatWebServer              : Tomcat initialized with port 8080 (http)
2025-07-07T11:41:22.359+05:30  INFO 21164 --- [adhivedha] [main] o.a.c.c.StandardService                  : Starting service [Tomcat]
2025-07-07T11:41:22.360+05:30  INFO 21164 --- [adhivedha] [main] o.a.c.c.StandardEngine                   : Starting Servlet engine: [Apache Tomcat/10.1.34]
2025-07-07T11:41:22.435+05:30  INFO 21164 --- [adhivedha] [main] o.a.c.c.C.[.[.[/]                        : Initializing Spring embedded WebApplicationContext
2025-07-07T11:41:22.435+05:30  INFO 21164 --- [adhivedha] [main] w.s.c.ServletWebServerApplicationContext : Root WebApplicationContext: initialization completed in 1778 ms
2025-07-07T11:41:22.793+05:30  INFO 21164 --- [adhivedha] [main] o.m.d.client                             : MongoClient with metadata {"driver": {"name": "mongo-java-driver|sync|spring-boot", "version": "5.2.1"}, "os": {"type": "Windows", "name": "Windows 11", "architecture": "amd64", "version": "10.0"}, "platform": "Java/Oracle Corporation/17.0.14+8-LTS-191"} created with settings MongoClientSettings{readPreference=primary, writeConcern=WriteConcern{w=null, wTimeout=null ms, journal=null}, retryWrites=true, retryReads=true, readConcern=ReadConcern{level=null}, credential=null, transportSettings=null, commandListeners=[], codecRegistry=ProvidersCodecRegistry{codecProviders=[ValueCodecProvider{}, BsonValueCodecProvider{}, DBRefCodecProvider{}, DBObjectCodecProvider{}, DocumentCodecProvider{}, CollectionCodecProvider{}, IterableCodecProvider{}, MapCodecProvider{}, GeoJsonCodecProvider{}, GridFSFileCodecProvider{}, Jsr310CodecProvider{}, JsonObjectCodecProvider{}, BsonCodecProvider{}, EnumCodecProvider{}, com.mongodb.client.model.mql.ExpressionCodecProvider@123307c4, com.mongodb.Jep395RecordCodecProvider@1693ff90, com.mongodb.KotlinCodecProvider@47058864]}, loggerSettings=LoggerSettings{maxDocumentLength=1000}, clusterSettings={hosts=[localhost:27017], srvServiceName=mongodb, mode=SINGLE, requiredClusterType=UNKNOWN, requiredReplicaSetName='null', serverSelector='null', clusterListeners='[]', serverSelectionTimeout='30000 ms', localThreshold='15 ms'}, socketSettings=SocketSettings{connectTimeoutMS=10000, readTimeoutMS=0, receiveBufferSize=0, proxySettings=ProxySettings{host=null, port=null, username=null, password=null}}, heartbeatSocketSettings=SocketSettings{connectTimeoutMS=10000, readTimeoutMS=10000, receiveBufferSize=0, proxySettings=ProxySettings{host=null, port=null, username=null, password=null}}, connectionPoolSettings=ConnectionPoolSettings{maxSize=100, minSize=0, maxWaitTimeMS=120000, maxConnectionLifeTimeMS=0, maxConnectionIdleTimeMS=0, maintenanceInitialDelayMS=0, maintenanceFrequencyMS=60000, connectionPoolListeners=[], maxConnecting=2}, serverSettings=ServerSettings{heartbeatFrequencyMS=10000, minHeartbeatFrequencyMS=500, serverMonitoringMode=AUTO, serverListeners='[]', serverMonitorListeners='[]'}, sslSettings=SslSettings{enabled=false, invalidHostNameAllowed=false, context=null}, applicationName='null', compressorList=[], uuidRepresentation=JAVA_LEGACY, serverApi=null, autoEncryptionSettings=null, dnsClient=null, inetAddressResolver=null, contextProvider=null, timeoutMS=null}
2025-07-07T11:41:22.827+05:30  INFO 21164 --- [adhivedha] [cluster-ClusterId{value='686b650a05d1951673dd9122', description='null'}-localhost:27017] o.m.d.cluster                            : Monitor thread successfully connected to server with description ServerDescription{address=localhost:27017, type=STANDALONE, cryptd=false, state=CONNECTED, ok=true, minWireVersion=0, maxWireVersion=25, maxDocumentSize=16777216, logicalSessionTimeoutMinutes=30, roundTripTimeNanos=35229000, minRoundTripTimeNanos=0}
2025-07-07T11:41:23.548+05:30  WARN 21164 --- [adhivedha] [main] .s.s.UserDetailsServiceAutoConfiguration : 

Using generated security password: fa00e8e9-aac5-4205-be40-0e57ade5608b

This generated password is for development use only. Your security configuration must be updated before running your application in production.

2025-07-07T11:41:23.584+05:30  INFO 21164 --- [adhivedha] [main] r$InitializeUserDetailsManagerConfigurer : Global AuthenticationManager configured with UserDetailsService bean with name inMemoryUserDetailsManager
2025-07-07T11:41:23.694+05:30  INFO 21164 --- [adhivedha] [main] o.s.b.a.w.s.WelcomePageHandlerMapping    : Adding welcome page: class path resource [public/index.html]
2025-07-07T11:41:24.181+05:30  INFO 21164 --- [adhivedha] [main] o.s.b.w.e.t.TomcatWebServer              : Tomcat started on port 8080 (http) with context path '/'
2025-07-07T11:41:24.194+05:30  INFO 21164 --- [adhivedha] [main] c.a.SpringBootDataMongodbApplication     : Started SpringBootDataMongodbApplication in 4.774 seconds (process running for 6.144)
2025-07-07T11:41:34.698+05:30  INFO 21164 --- [adhivedha] [http-nio-8080-exec-4] o.a.c.c.C.[.[.[/]                        : Initializing Spring DispatcherServlet 'dispatcherServlet'
2025-07-07T11:41:34.698+05:30  INFO 21164 --- [adhivedha] [http-nio-8080-exec-4] o.s.w.s.DispatcherServlet                : Initializing Servlet 'dispatcherServlet'
2025-07-07T11:41:34.700+05:30  INFO 21164 --- [adhivedha] [http-nio-8080-exec-4] o.s.w.s.DispatcherServlet                : Completed initialization in 1 ms
2025-07-07T11:41:34.897+05:30  INFO 21164 --- [adhivedha] [http-nio-8080-exec-4] c.a.c.CustomerController                 : INFO log
2025-07-07T11:41:34.898+05:30  WARN 21164 --- [adhivedha] [http-nio-8080-exec-4] c.a.c.CustomerController                 : WARN log
2025-07-07T11:41:34.899+05:30 ERROR 21164 --- [adhivedha] [http-nio-8080-exec-4] c.a.c.CustomerController                 : ERROR log
2025-07-07T11:42:20.439+05:30  INFO 21164 --- [adhivedha] [http-nio-8080-exec-1] c.a.c.CustomerController                 : INFO log
2025-07-07T11:42:20.440+05:30  WARN 21164 --- [adhivedha] [http-nio-8080-exec-1] c.a.c.CustomerController                 : WARN log
2025-07-07T11:42:20.441+05:30 ERROR 21164 --- [adhivedha] [http-nio-8080-exec-1] c.a.c.CustomerController                 : ERROR log
2025-07-07T11:42:42.968+05:30  INFO 21164 --- [adhivedha] [http-nio-8080-exec-2] c.a.c.CustomerController                 : INFO log
2025-07-07T11:42:42.968+05:30  WARN 21164 --- [adhivedha] [http-nio-8080-exec-2] c.a.c.CustomerController                 : WARN log
2025-07-07T11:42:42.968+05:30 ERROR 21164 --- [adhivedha] [http-nio-8080-exec-2] c.a.c.CustomerController                 : ERROR log
2025-07-07T11:44:14.075+05:30  INFO 21164 --- [adhivedha] [http-nio-8080-exec-4] c.a.c.CustomerController                 : INFO log
2025-07-07T11:44:14.076+05:30  WARN 21164 --- [adhivedha] [http-nio-8080-exec-4] c.a.c.CustomerController                 : WARN log
2025-07-07T11:44:14.076+05:30 ERROR 21164 --- [adhivedha] [http-nio-8080-exec-4] c.a.c.CustomerController                 : ERROR log
2025-07-07T11:45:10.193+05:30  INFO 21164 --- [adhivedha] [http-nio-8080-exec-5] c.a.c.CustomerController                 : INFO log
2025-07-07T11:45:10.194+05:30  WARN 21164 --- [adhivedha] [http-nio-8080-exec-5] c.a.c.CustomerController                 : WARN log
2025-07-07T11:45:10.194+05:30 ERROR 21164 --- [adhivedha] [http-nio-8080-exec-5] c.a.c.CustomerController                 : ERROR log
2025-07-07T11:47:10.859+05:30  INFO 21164 --- [adhivedha] [http-nio-8080-exec-8] c.a.c.CustomerController                 : INFO log
2025-07-07T11:47:10.859+05:30  WARN 21164 --- [adhivedha] [http-nio-8080-exec-8] c.a.c.CustomerController                 : WARN log
2025-07-07T11:47:10.860+05:30 ERROR 21164 --- [adhivedha] [http-nio-8080-exec-8] c.a.c.CustomerController                 : ERROR log
2025-07-07T11:52:28.004+05:30  INFO 21164 --- [adhivedha] [http-nio-8080-exec-9] c.a.c.CustomerController                 : INFO log
2025-07-07T11:52:28.009+05:30  WARN 21164 --- [adhivedha] [http-nio-8080-exec-9] c.a.c.CustomerController                 : WARN log
2025-07-07T11:52:28.010+05:30 ERROR 21164 --- [adhivedha] [http-nio-8080-exec-9] c.a.c.CustomerController                 : ERROR log
2025-07-07T11:52:50.899+05:30  INFO 21164 --- [adhivedha] [http-nio-8080-exec-4] c.a.c.CustomerController                 : INFO log
2025-07-07T11:52:50.900+05:30  WARN 21164 --- [adhivedha] [http-nio-8080-exec-4] c.a.c.CustomerController                 : WARN log
2025-07-07T11:52:50.901+05:30 ERROR 21164 --- [adhivedha] [http-nio-8080-exec-4] c.a.c.CustomerController                 : ERROR log
2025-07-07T12:10:21.254+05:30  INFO 21164 --- [adhivedha] [http-nio-8080-exec-8] c.a.c.CustomerController                 : INFO log
2025-07-07T12:10:21.256+05:30  WARN 21164 --- [adhivedha] [http-nio-8080-exec-8] c.a.c.CustomerController                 : WARN log
2025-07-07T12:10:21.257+05:30 ERROR 21164 --- [adhivedha] [http-nio-8080-exec-8] c.a.c.CustomerController                 : ERROR log
2025-07-07T12:14:55.779+05:30  INFO 21164 --- [adhivedha] [http-nio-8080-exec-9] c.a.c.CustomerController                 : INFO log
2025-07-07T12:14:55.780+05:30  WARN 21164 --- [adhivedha] [http-nio-8080-exec-9] c.a.c.CustomerController                 : WARN log
2025-07-07T12:14:55.780+05:30 ERROR 21164 --- [adhivedha] [http-nio-8080-exec-9] c.a.c.CustomerController                 : ERROR log
2025-07-07T12:15:18.425+05:30  INFO 21164 --- [adhivedha] [http-nio-8080-exec-9] c.a.c.CustomerController                 : INFO log
2025-07-07T12:15:18.426+05:30  WARN 21164 --- [adhivedha] [http-nio-8080-exec-9] c.a.c.CustomerController                 : WARN log
2025-07-07T12:15:18.427+05:30 ERROR 21164 --- [adhivedha] [http-nio-8080-exec-9] c.a.c.CustomerController                 : ERROR log
2025-07-07T12:18:24.442+05:30  INFO 21164 --- [adhivedha] [http-nio-8080-exec-10] c.a.c.CustomerController                 : INFO log
2025-07-07T12:18:24.443+05:30  WARN 21164 --- [adhivedha] [http-nio-8080-exec-10] c.a.c.CustomerController                 : WARN log
2025-07-07T12:18:24.444+05:30 ERROR 21164 --- [adhivedha] [http-nio-8080-exec-10] c.a.c.CustomerController                 : ERROR log
2025-07-07T12:31:28.344+05:30  INFO 21164 --- [adhivedha] [http-nio-8080-exec-7] c.a.c.CustomerController                 : INFO log
2025-07-07T12:31:28.352+05:30  WARN 21164 --- [adhivedha] [http-nio-8080-exec-7] c.a.c.CustomerController                 : WARN log
2025-07-07T12:31:28.353+05:30 ERROR 21164 --- [adhivedha] [http-nio-8080-exec-7] c.a.c.CustomerController                 : ERROR log
2025-07-07T12:37:36.562+05:30  INFO 21164 --- [adhivedha] [http-nio-8080-exec-8] c.a.c.CustomerController                 : INFO log
2025-07-07T12:37:36.564+05:30  WARN 21164 --- [adhivedha] [http-nio-8080-exec-8] c.a.c.CustomerController                 : WARN log
2025-07-07T12:37:36.564+05:30 ERROR 21164 --- [adhivedha] [http-nio-8080-exec-8] c.a.c.CustomerController                 : ERROR log
2025-07-07T12:39:05.937+05:30  INFO 21164 --- [adhivedha] [http-nio-8080-exec-2] c.a.c.CustomerController                 : INFO log
2025-07-07T12:39:05.939+05:30  WARN 21164 --- [adhivedha] [http-nio-8080-exec-2] c.a.c.CustomerController                 : WARN log
2025-07-07T12:39:05.940+05:30 ERROR 21164 --- [adhivedha] [http-nio-8080-exec-2] c.a.c.CustomerController                 : ERROR log
2025-07-07T12:40:41.931+05:30  INFO 21164 --- [adhivedha] [http-nio-8080-exec-9] c.a.c.CustomerController                 : INFO log
2025-07-07T12:40:41.933+05:30  WARN 21164 --- [adhivedha] [http-nio-8080-exec-9] c.a.c.CustomerController                 : WARN log
2025-07-07T12:40:41.934+05:30 ERROR 21164 --- [adhivedha] [http-nio-8080-exec-9] c.a.c.CustomerController                 : ERROR log
2025-07-07T12:41:06.040+05:30  INFO 21164 --- [adhivedha] [http-nio-8080-exec-8] c.a.c.CustomerController                 : INFO log
2025-07-07T12:41:06.042+05:30  WARN 21164 --- [adhivedha] [http-nio-8080-exec-8] c.a.c.CustomerController                 : WARN log
2025-07-07T12:41:06.043+05:30 ERROR 21164 --- [adhivedha] [http-nio-8080-exec-8] c.a.c.CustomerController                 : ERROR log
2025-07-07T12:41:29.280+05:30  INFO 21164 --- [adhivedha] [http-nio-8080-exec-7] c.a.c.CustomerController                 : INFO log
2025-07-07T12:41:29.281+05:30  WARN 21164 --- [adhivedha] [http-nio-8080-exec-7] c.a.c.CustomerController                 : WARN log
2025-07-07T12:41:29.281+05:30 ERROR 21164 --- [adhivedha] [http-nio-8080-exec-7] c.a.c.CustomerController                 : ERROR log
2025-07-07T12:44:12.851+05:30  INFO 21164 --- [adhivedha] [http-nio-8080-exec-4] c.a.c.CustomerController                 : INFO log
2025-07-07T12:44:12.853+05:30  WARN 21164 --- [adhivedha] [http-nio-8080-exec-4] c.a.c.CustomerController                 : WARN log
2025-07-07T12:44:12.853+05:30 ERROR 21164 --- [adhivedha] [http-nio-8080-exec-4] c.a.c.CustomerController                 : ERROR log
2025-07-07T12:45:03.799+05:30  INFO 21164 --- [adhivedha] [http-nio-8080-exec-6] c.a.c.CustomerController                 : INFO log
2025-07-07T12:45:03.800+05:30  WARN 21164 --- [adhivedha] [http-nio-8080-exec-6] c.a.c.CustomerController                 : WARN log
2025-07-07T12:45:03.801+05:30 ERROR 21164 --- [adhivedha] [http-nio-8080-exec-6] c.a.c.CustomerController                 : ERROR log
2025-07-07T12:46:00.467+05:30  INFO 21164 --- [adhivedha] [http-nio-8080-exec-5] c.a.c.CustomerController                 : INFO log
2025-07-07T12:46:00.467+05:30  WARN 21164 --- [adhivedha] [http-nio-8080-exec-5] c.a.c.CustomerController                 : WARN log
2025-07-07T12:46:00.468+05:30 ERROR 21164 --- [adhivedha] [http-nio-8080-exec-5] c.a.c.CustomerController                 : ERROR log
2025-07-07T12:46:14.921+05:30  INFO 21164 --- [adhivedha] [http-nio-8080-exec-7] c.a.c.CustomerController                 : INFO log
2025-07-07T12:46:14.921+05:30  WARN 21164 --- [adhivedha] [http-nio-8080-exec-7] c.a.c.CustomerController                 : WARN log
2025-07-07T12:46:14.922+05:30 ERROR 21164 --- [adhivedha] [http-nio-8080-exec-7] c.a.c.CustomerController                 : ERROR log
2025-07-07T12:47:14.054+05:30  INFO 21164 --- [adhivedha] [http-nio-8080-exec-4] c.a.c.CustomerController                 : INFO log
2025-07-07T12:47:14.054+05:30  WARN 21164 --- [adhivedha] [http-nio-8080-exec-4] c.a.c.CustomerController                 : WARN log
2025-07-07T12:47:14.055+05:30 ERROR 21164 --- [adhivedha] [http-nio-8080-exec-4] c.a.c.CustomerController                 : ERROR log
2025-07-07T12:50:11.126+05:30  INFO 21164 --- [adhivedha] [http-nio-8080-exec-6] c.a.c.CustomerController                 : INFO log
2025-07-07T12:50:11.127+05:30  WARN 21164 --- [adhivedha] [http-nio-8080-exec-6] c.a.c.CustomerController                 : WARN log
2025-07-07T12:50:11.127+05:30 ERROR 21164 --- [adhivedha] [http-nio-8080-exec-6] c.a.c.CustomerController                 : ERROR log
2025-07-07T12:51:10.732+05:30  INFO 21164 --- [adhivedha] [http-nio-8080-exec-4] c.a.c.CustomerController                 : INFO log
2025-07-07T12:51:10.733+05:30  WARN 21164 --- [adhivedha] [http-nio-8080-exec-4] c.a.c.CustomerController                 : WARN log
2025-07-07T12:51:10.733+05:30 ERROR 21164 --- [adhivedha] [http-nio-8080-exec-4] c.a.c.CustomerController                 : ERROR log
2025-07-07T12:52:15.417+05:30  INFO 21164 --- [adhivedha] [http-nio-8080-exec-8] c.a.c.CustomerController                 : INFO log
2025-07-07T12:52:15.417+05:30  WARN 21164 --- [adhivedha] [http-nio-8080-exec-8] c.a.c.CustomerController                 : WARN log
2025-07-07T12:52:15.418+05:30 ERROR 21164 --- [adhivedha] [http-nio-8080-exec-8] c.a.c.CustomerController                 : ERROR log
2025-07-07T12:57:49.705+05:30  INFO 21164 --- [adhivedha] [http-nio-8080-exec-6] c.a.c.CustomerController                 : INFO log
2025-07-07T12:57:49.706+05:30  WARN 21164 --- [adhivedha] [http-nio-8080-exec-6] c.a.c.CustomerController                 : WARN log
2025-07-07T12:57:49.706+05:30 ERROR 21164 --- [adhivedha] [http-nio-8080-exec-6] c.a.c.CustomerController                 : ERROR log
2025-07-07T13:16:17.954+05:30  INFO 21164 --- [adhivedha] [http-nio-8080-exec-7] c.a.c.CustomerController                 : INFO log
2025-07-07T13:16:17.963+05:30  WARN 21164 --- [adhivedha] [http-nio-8080-exec-7] c.a.c.CustomerController                 : WARN log
2025-07-07T13:16:17.963+05:30 ERROR 21164 --- [adhivedha] [http-nio-8080-exec-7] c.a.c.CustomerController                 : ERROR log
2025-07-07T13:31:48.587+05:30  INFO 21164 --- [adhivedha] [http-nio-8080-exec-10] c.a.c.CustomerController                 : INFO log
2025-07-07T13:31:48.589+05:30  WARN 21164 --- [adhivedha] [http-nio-8080-exec-10] c.a.c.CustomerController                 : WARN log
2025-07-07T13:31:48.589+05:30 ERROR 21164 --- [adhivedha] [http-nio-8080-exec-10] c.a.c.CustomerController                 : ERROR log
2025-07-07T13:56:34.894+05:30  INFO 21164 --- [adhivedha] [http-nio-8080-exec-4] c.a.c.CustomerController                 : INFO log
2025-07-07T13:56:34.896+05:30  WARN 21164 --- [adhivedha] [http-nio-8080-exec-4] c.a.c.CustomerController                 : WARN log
2025-07-07T13:56:34.896+05:30 ERROR 21164 --- [adhivedha] [http-nio-8080-exec-4] c.a.c.CustomerController                 : ERROR log
2025-07-07T18:20:58.906+05:30  INFO 21164 --- [adhivedha] [http-nio-8080-exec-6] c.a.c.CustomerController                 : INFO log
2025-07-07T18:20:58.916+05:30  WARN 21164 --- [adhivedha] [http-nio-8080-exec-6] c.a.c.CustomerController                 : WARN log
2025-07-07T18:20:58.917+05:30 ERROR 21164 --- [adhivedha] [http-nio-8080-exec-6] c.a.c.CustomerController                 : ERROR log
2025-07-07T18:23:26.571+05:30  INFO 21164 --- [adhivedha] [http-nio-8080-exec-5] c.a.c.CustomerController                 : INFO log
2025-07-07T18:23:26.575+05:30  WARN 21164 --- [adhivedha] [http-nio-8080-exec-5] c.a.c.CustomerController                 : WARN log
2025-07-07T18:23:26.577+05:30 ERROR 21164 --- [adhivedha] [http-nio-8080-exec-5] c.a.c.CustomerController                 : ERROR log
2025-07-07T18:25:29.563+05:30  INFO 21164 --- [adhivedha] [http-nio-8080-exec-9] c.a.c.CustomerController                 : INFO log
2025-07-07T18:25:29.566+05:30  WARN 21164 --- [adhivedha] [http-nio-8080-exec-9] c.a.c.CustomerController                 : WARN log
2025-07-07T18:25:29.567+05:30 ERROR 21164 --- [adhivedha] [http-nio-8080-exec-9] c.a.c.CustomerController                 : ERROR log
2025-07-07T18:29:06.378+05:30  INFO 21164 --- [adhivedha] [http-nio-8080-exec-4] c.a.c.CustomerController                 : INFO log
2025-07-07T18:29:06.380+05:30  WARN 21164 --- [adhivedha] [http-nio-8080-exec-4] c.a.c.CustomerController                 : WARN log
2025-07-07T18:29:06.381+05:30 ERROR 21164 --- [adhivedha] [http-nio-8080-exec-4] c.a.c.CustomerController                 : ERROR log
2025-07-07T18:31:22.017+05:30  INFO 21164 --- [adhivedha] [http-nio-8080-exec-1] c.a.c.CustomerController                 : INFO log
2025-07-07T18:31:22.020+05:30  WARN 21164 --- [adhivedha] [http-nio-8080-exec-1] c.a.c.CustomerController                 : WARN log
2025-07-07T18:31:22.020+05:30 ERROR 21164 --- [adhivedha] [http-nio-8080-exec-1] c.a.c.CustomerController                 : ERROR log
2025-07-07T18:31:46.994+05:30  INFO 21164 --- [adhivedha] [http-nio-8080-exec-2] c.a.c.CustomerController                 : INFO log
2025-07-07T18:31:46.995+05:30  WARN 21164 --- [adhivedha] [http-nio-8080-exec-2] c.a.c.CustomerController                 : WARN log
2025-07-07T18:31:46.995+05:30 ERROR 21164 --- [adhivedha] [http-nio-8080-exec-2] c.a.c.CustomerController                 : ERROR log
2025-07-07T18:32:55.048+05:30  INFO 21164 --- [adhivedha] [http-nio-8080-exec-10] c.a.c.CustomerController                 : INFO log
2025-07-07T18:32:55.048+05:30  WARN 21164 --- [adhivedha] [http-nio-8080-exec-10] c.a.c.CustomerController                 : WARN log
2025-07-07T18:32:55.049+05:30 ERROR 21164 --- [adhivedha] [http-nio-8080-exec-10] c.a.c.CustomerController                 : ERROR log
2025-07-07T18:33:47.339+05:30  INFO 21164 --- [adhivedha] [http-nio-8080-exec-4] c.a.c.CustomerController                 : INFO log
2025-07-07T18:33:47.340+05:30  WARN 21164 --- [adhivedha] [http-nio-8080-exec-4] c.a.c.CustomerController                 : WARN log
2025-07-07T18:33:47.340+05:30 ERROR 21164 --- [adhivedha] [http-nio-8080-exec-4] c.a.c.CustomerController                 : ERROR log
2025-07-07T18:33:52.478+05:30  INFO 21164 --- [adhivedha] [http-nio-8080-exec-5] c.a.c.CustomerController                 : INFO log
2025-07-07T18:33:52.479+05:30  WARN 21164 --- [adhivedha] [http-nio-8080-exec-5] c.a.c.CustomerController                 : WARN log
2025-07-07T18:33:52.479+05:30 ERROR 21164 --- [adhivedha] [http-nio-8080-exec-5] c.a.c.CustomerController                 : ERROR log
2025-07-07T18:34:34.946+05:30  INFO 21164 --- [adhivedha] [http-nio-8080-exec-6] c.a.c.CustomerController                 : INFO log
2025-07-07T18:34:34.947+05:30  WARN 21164 --- [adhivedha] [http-nio-8080-exec-6] c.a.c.CustomerController                 : WARN log
2025-07-07T18:34:34.947+05:30 ERROR 21164 --- [adhivedha] [http-nio-8080-exec-6] c.a.c.CustomerController                 : ERROR log
2025-07-07T18:39:27.958+05:30  INFO 21164 --- [adhivedha] [http-nio-8080-exec-1] c.a.c.CustomerController                 : INFO log
2025-07-07T18:39:27.958+05:30  WARN 21164 --- [adhivedha] [http-nio-8080-exec-1] c.a.c.CustomerController                 : WARN log
2025-07-07T18:39:27.958+05:30 ERROR 21164 --- [adhivedha] [http-nio-8080-exec-1] c.a.c.CustomerController                 : ERROR log
2025-07-07T18:40:29.657+05:30  INFO 21164 --- [adhivedha] [http-nio-8080-exec-3] c.a.c.CustomerController                 : INFO log
2025-07-07T18:40:29.657+05:30  WARN 21164 --- [adhivedha] [http-nio-8080-exec-3] c.a.c.CustomerController                 : WARN log
2025-07-07T18:40:29.663+05:30 ERROR 21164 --- [adhivedha] [http-nio-8080-exec-3] c.a.c.CustomerController                 : ERROR log
2025-07-07T18:45:00.951+05:30  INFO 21164 --- [adhivedha] [http-nio-8080-exec-4] c.a.c.CustomerController                 : INFO log
2025-07-07T18:45:00.952+05:30  WARN 21164 --- [adhivedha] [http-nio-8080-exec-4] c.a.c.CustomerController                 : WARN log
2025-07-07T18:45:00.952+05:30 ERROR 21164 --- [adhivedha] [http-nio-8080-exec-4] c.a.c.CustomerController                 : ERROR log
2025-07-07T18:48:57.614+05:30  INFO 21164 --- [adhivedha] [http-nio-8080-exec-2] c.a.c.CustomerController                 : INFO log
2025-07-07T18:48:57.615+05:30  WARN 21164 --- [adhivedha] [http-nio-8080-exec-2] c.a.c.CustomerController                 : WARN log
2025-07-07T18:48:57.616+05:30 ERROR 21164 --- [adhivedha] [http-nio-8080-exec-2] c.a.c.CustomerController                 : ERROR log
2025-07-07T18:51:35.370+05:30  INFO 21164 --- [adhivedha] [http-nio-8080-exec-5] c.a.c.CustomerController                 : INFO log
2025-07-07T18:51:35.372+05:30  WARN 21164 --- [adhivedha] [http-nio-8080-exec-5] c.a.c.CustomerController                 : WARN log
2025-07-07T18:51:35.372+05:30 ERROR 21164 --- [adhivedha] [http-nio-8080-exec-5] c.a.c.CustomerController                 : ERROR log
2025-07-07T18:51:52.713+05:30  INFO 21164 --- [adhivedha] [http-nio-8080-exec-10] c.a.c.CustomerController                 : INFO log
2025-07-07T18:51:52.713+05:30  WARN 21164 --- [adhivedha] [http-nio-8080-exec-10] c.a.c.CustomerController                 : WARN log
2025-07-07T18:51:52.715+05:30 ERROR 21164 --- [adhivedha] [http-nio-8080-exec-10] c.a.c.CustomerController                 : ERROR log
2025-07-07T18:53:53.278+05:30  INFO 21164 --- [adhivedha] [http-nio-8080-exec-2] c.a.c.CustomerController                 : INFO log
2025-07-07T18:53:53.279+05:30  WARN 21164 --- [adhivedha] [http-nio-8080-exec-2] c.a.c.CustomerController                 : WARN log
2025-07-07T18:53:53.279+05:30 ERROR 21164 --- [adhivedha] [http-nio-8080-exec-2] c.a.c.CustomerController                 : ERROR log
2025-07-07T18:54:29.879+05:30  INFO 21164 --- [adhivedha] [http-nio-8080-exec-4] c.a.c.CustomerController                 : INFO log
2025-07-07T18:54:29.882+05:30  WARN 21164 --- [adhivedha] [http-nio-8080-exec-4] c.a.c.CustomerController                 : WARN log
2025-07-07T18:54:29.883+05:30 ERROR 21164 --- [adhivedha] [http-nio-8080-exec-4] c.a.c.CustomerController                 : ERROR log
2025-07-07T18:54:48.872+05:30  INFO 21164 --- [adhivedha] [http-nio-8080-exec-5] c.a.c.CustomerController                 : INFO log
2025-07-07T18:54:48.872+05:30  WARN 21164 --- [adhivedha] [http-nio-8080-exec-5] c.a.c.CustomerController                 : WARN log
2025-07-07T18:54:48.872+05:30 ERROR 21164 --- [adhivedha] [http-nio-8080-exec-5] c.a.c.CustomerController                 : ERROR log
2025-07-07T18:55:37.932+05:30  INFO 21164 --- [adhivedha] [http-nio-8080-exec-9] c.a.c.CustomerController                 : INFO log
2025-07-07T18:55:37.933+05:30  WARN 21164 --- [adhivedha] [http-nio-8080-exec-9] c.a.c.CustomerController                 : WARN log
2025-07-07T18:55:37.933+05:30 ERROR 21164 --- [adhivedha] [http-nio-8080-exec-9] c.a.c.CustomerController                 : ERROR log
2025-07-07T18:56:26.738+05:30  INFO 21164 --- [adhivedha] [http-nio-8080-exec-1] c.a.c.CustomerController                 : INFO log
2025-07-07T18:56:26.740+05:30  WARN 21164 --- [adhivedha] [http-nio-8080-exec-1] c.a.c.CustomerController                 : WARN log
2025-07-07T18:56:26.740+05:30 ERROR 21164 --- [adhivedha] [http-nio-8080-exec-1] c.a.c.CustomerController                 : ERROR log
2025-07-07T18:57:19.459+05:30  INFO 21164 --- [adhivedha] [http-nio-8080-exec-10] c.a.c.CustomerController                 : INFO log
2025-07-07T18:57:19.460+05:30  WARN 21164 --- [adhivedha] [http-nio-8080-exec-10] c.a.c.CustomerController                 : WARN log
2025-07-07T18:57:19.460+05:30 ERROR 21164 --- [adhivedha] [http-nio-8080-exec-10] c.a.c.CustomerController                 : ERROR log
2025-07-07T18:58:15.709+05:30  INFO 21164 --- [adhivedha] [http-nio-8080-exec-5] c.a.c.CustomerController                 : INFO log
2025-07-07T18:58:15.709+05:30  WARN 21164 --- [adhivedha] [http-nio-8080-exec-5] c.a.c.CustomerController                 : WARN log
2025-07-07T18:58:15.709+05:30 ERROR 21164 --- [adhivedha] [http-nio-8080-exec-5] c.a.c.CustomerController                 : ERROR log
2025-07-07T18:58:54.107+05:30  INFO 21164 --- [adhivedha] [http-nio-8080-exec-4] c.a.c.CustomerController                 : INFO log
2025-07-07T18:58:54.108+05:30  WARN 21164 --- [adhivedha] [http-nio-8080-exec-4] c.a.c.CustomerController                 : WARN log
2025-07-07T18:58:54.109+05:30 ERROR 21164 --- [adhivedha] [http-nio-8080-exec-4] c.a.c.CustomerController                 : ERROR log
2025-07-07T19:01:51.819+05:30  INFO 21164 --- [adhivedha] [http-nio-8080-exec-10] c.a.c.CustomerController                 : INFO log
2025-07-07T19:01:51.819+05:30  WARN 21164 --- [adhivedha] [http-nio-8080-exec-10] c.a.c.CustomerController                 : WARN log
2025-07-07T19:01:51.819+05:30 ERROR 21164 --- [adhivedha] [http-nio-8080-exec-10] c.a.c.CustomerController                 : ERROR log
2025-07-07T19:02:29.383+05:30  INFO 21164 --- [adhivedha] [http-nio-8080-exec-10] c.a.c.CustomerController                 : INFO log
2025-07-07T19:02:29.383+05:30  WARN 21164 --- [adhivedha] [http-nio-8080-exec-10] c.a.c.CustomerController                 : WARN log
2025-07-07T19:02:29.383+05:30 ERROR 21164 --- [adhivedha] [http-nio-8080-exec-10] c.a.c.CustomerController                 : ERROR log
2025-07-07T19:05:11.323+05:30  INFO 21164 --- [adhivedha] [http-nio-8080-exec-2] c.a.c.CustomerController                 : INFO log
2025-07-07T19:05:11.324+05:30  WARN 21164 --- [adhivedha] [http-nio-8080-exec-2] c.a.c.CustomerController                 : WARN log
2025-07-07T19:05:11.324+05:30 ERROR 21164 --- [adhivedha] [http-nio-8080-exec-2] c.a.c.CustomerController                 : ERROR log
2025-07-07T19:06:31.425+05:30  INFO 21164 --- [adhivedha] [http-nio-8080-exec-3] c.a.c.CustomerController                 : INFO log
2025-07-07T19:06:31.425+05:30  WARN 21164 --- [adhivedha] [http-nio-8080-exec-3] c.a.c.CustomerController                 : WARN log
2025-07-07T19:06:31.425+05:30 ERROR 21164 --- [adhivedha] [http-nio-8080-exec-3] c.a.c.CustomerController                 : ERROR log
2025-07-07T19:08:13.819+05:30  INFO 21164 --- [adhivedha] [http-nio-8080-exec-4] c.a.c.CustomerController                 : INFO log
2025-07-07T19:08:13.821+05:30  WARN 21164 --- [adhivedha] [http-nio-8080-exec-4] c.a.c.CustomerController                 : WARN log
2025-07-07T19:08:13.821+05:30 ERROR 21164 --- [adhivedha] [http-nio-8080-exec-4] c.a.c.CustomerController                 : ERROR log
2025-07-07T19:09:01.510+05:30  INFO 21164 --- [adhivedha] [http-nio-8080-exec-4] c.a.c.CustomerController                 : INFO log
2025-07-07T19:09:01.510+05:30  WARN 21164 --- [adhivedha] [http-nio-8080-exec-4] c.a.c.CustomerController                 : WARN log
2025-07-07T19:09:01.510+05:30 ERROR 21164 --- [adhivedha] [http-nio-8080-exec-4] c.a.c.CustomerController                 : ERROR log
2025-07-07T19:09:10.335+05:30  INFO 21164 --- [adhivedha] [http-nio-8080-exec-6] c.a.c.CustomerController                 : INFO log
2025-07-07T19:09:10.336+05:30  WARN 21164 --- [adhivedha] [http-nio-8080-exec-6] c.a.c.CustomerController                 : WARN log
2025-07-07T19:09:10.336+05:30 ERROR 21164 --- [adhivedha] [http-nio-8080-exec-6] c.a.c.CustomerController                 : ERROR log
2025-07-07T19:10:10.917+05:30  INFO 21164 --- [adhivedha] [http-nio-8080-exec-3] c.a.c.CustomerController                 : INFO log
2025-07-07T19:10:10.918+05:30  WARN 21164 --- [adhivedha] [http-nio-8080-exec-3] c.a.c.CustomerController                 : WARN log
2025-07-07T19:10:10.918+05:30 ERROR 21164 --- [adhivedha] [http-nio-8080-exec-3] c.a.c.CustomerController                 : ERROR log
2025-07-07T19:10:46.899+05:30  INFO 21164 --- [adhivedha] [http-nio-8080-exec-7] c.a.c.CustomerController                 : INFO log
2025-07-07T19:10:46.900+05:30  WARN 21164 --- [adhivedha] [http-nio-8080-exec-7] c.a.c.CustomerController                 : WARN log
2025-07-07T19:10:46.900+05:30 ERROR 21164 --- [adhivedha] [http-nio-8080-exec-7] c.a.c.CustomerController                 : ERROR log
2025-07-07T19:14:52.260+05:30  INFO 21164 --- [adhivedha] [http-nio-8080-exec-4] c.a.c.CustomerController                 : INFO log
2025-07-07T19:14:52.261+05:30  WARN 21164 --- [adhivedha] [http-nio-8080-exec-4] c.a.c.CustomerController                 : WARN log
2025-07-07T19:14:52.262+05:30 ERROR 21164 --- [adhivedha] [http-nio-8080-exec-4] c.a.c.CustomerController                 : ERROR log
2025-07-07T19:17:34.652+05:30  INFO 21164 --- [adhivedha] [http-nio-8080-exec-4] c.a.c.CustomerController                 : INFO log
2025-07-07T19:17:34.652+05:30  WARN 21164 --- [adhivedha] [http-nio-8080-exec-4] c.a.c.CustomerController                 : WARN log
2025-07-07T19:17:34.652+05:30 ERROR 21164 --- [adhivedha] [http-nio-8080-exec-4] c.a.c.CustomerController                 : ERROR log
2025-07-07T19:18:57.195+05:30  INFO 21164 --- [adhivedha] [http-nio-8080-exec-8] c.a.c.CustomerController                 : INFO log
2025-07-07T19:18:57.196+05:30  WARN 21164 --- [adhivedha] [http-nio-8080-exec-8] c.a.c.CustomerController                 : WARN log
2025-07-07T19:18:57.196+05:30 ERROR 21164 --- [adhivedha] [http-nio-8080-exec-8] c.a.c.CustomerController                 : ERROR log
2025-07-07T20:20:21.303+05:30  INFO 21164 --- [adhivedha] [http-nio-8080-exec-6] c.a.c.CustomerController                 : INFO log
2025-07-07T20:20:21.303+05:30  WARN 21164 --- [adhivedha] [http-nio-8080-exec-6] c.a.c.CustomerController                 : WARN log
2025-07-07T20:20:21.304+05:30 ERROR 21164 --- [adhivedha] [http-nio-8080-exec-6] c.a.c.CustomerController                 : ERROR log
2025-07-07T20:24:55.223+05:30  INFO 21164 --- [adhivedha] [http-nio-8080-exec-2] c.a.c.CustomerController                 : INFO log
2025-07-07T20:24:55.233+05:30  WARN 21164 --- [adhivedha] [http-nio-8080-exec-2] c.a.c.CustomerController                 : WARN log
2025-07-07T20:24:55.234+05:30 ERROR 21164 --- [adhivedha] [http-nio-8080-exec-2] c.a.c.CustomerController                 : ERROR log
2025-07-08T10:21:17.907+05:30  INFO 21164 --- [adhivedha] [http-nio-8080-exec-7] c.a.c.CustomerController                 : INFO log
2025-07-08T10:21:17.909+05:30  WARN 21164 --- [adhivedha] [http-nio-8080-exec-7] c.a.c.CustomerController                 : WARN log
2025-07-08T10:21:17.909+05:30 ERROR 21164 --- [adhivedha] [http-nio-8080-exec-7] c.a.c.CustomerController                 : ERROR log
2025-07-08T10:28:48.379+05:30  INFO 21164 --- [adhivedha] [http-nio-8080-exec-10] c.a.c.CustomerController                 : INFO log
2025-07-08T10:28:48.403+05:30  WARN 21164 --- [adhivedha] [http-nio-8080-exec-10] c.a.c.CustomerController                 : WARN log
2025-07-08T10:28:48.404+05:30 ERROR 21164 --- [adhivedha] [http-nio-8080-exec-10] c.a.c.CustomerController                 : ERROR log
2025-07-08T10:30:09.199+05:30  INFO 21164 --- [adhivedha] [http-nio-8080-exec-7] c.a.c.CustomerController                 : INFO log
2025-07-08T10:30:09.199+05:30  WARN 21164 --- [adhivedha] [http-nio-8080-exec-7] c.a.c.CustomerController                 : WARN log
2025-07-08T10:30:09.200+05:30 ERROR 21164 --- [adhivedha] [http-nio-8080-exec-7] c.a.c.CustomerController                 : ERROR log
2025-07-08T10:31:51.599+05:30  INFO 21164 --- [adhivedha] [http-nio-8080-exec-9] c.a.c.CustomerController                 : INFO log
2025-07-08T10:31:51.599+05:30  WARN 21164 --- [adhivedha] [http-nio-8080-exec-9] c.a.c.CustomerController                 : WARN log
2025-07-08T10:31:51.599+05:30 ERROR 21164 --- [adhivedha] [http-nio-8080-exec-9] c.a.c.CustomerController                 : ERROR log
2025-07-08T10:33:58.534+05:30  INFO 21164 --- [adhivedha] [http-nio-8080-exec-6] c.a.c.CustomerController                 : INFO log
2025-07-08T10:33:58.535+05:30  WARN 21164 --- [adhivedha] [http-nio-8080-exec-6] c.a.c.CustomerController                 : WARN log
2025-07-08T10:33:58.535+05:30 ERROR 21164 --- [adhivedha] [http-nio-8080-exec-6] c.a.c.CustomerController                 : ERROR log
2025-07-08T10:49:57.516+05:30  INFO 21164 --- [adhivedha] [http-nio-8080-exec-10] c.a.c.CustomerController                 : INFO log
2025-07-08T10:49:57.525+05:30  WARN 21164 --- [adhivedha] [http-nio-8080-exec-10] c.a.c.CustomerController                 : WARN log
2025-07-08T10:49:57.525+05:30 ERROR 21164 --- [adhivedha] [http-nio-8080-exec-10] c.a.c.CustomerController                 : ERROR log
2025-07-08T10:50:10.118+05:30  INFO 21164 --- [adhivedha] [http-nio-8080-exec-6] c.a.c.CustomerController                 : INFO log
2025-07-08T10:50:10.118+05:30  WARN 21164 --- [adhivedha] [http-nio-8080-exec-6] c.a.c.CustomerController                 : WARN log
2025-07-08T10:50:10.118+05:30 ERROR 21164 --- [adhivedha] [http-nio-8080-exec-6] c.a.c.CustomerController                 : ERROR log
2025-07-08T10:53:18.692+05:30  INFO 21164 --- [adhivedha] [http-nio-8080-exec-3] c.a.c.CustomerController                 : INFO log
2025-07-08T10:53:18.692+05:30  WARN 21164 --- [adhivedha] [http-nio-8080-exec-3] c.a.c.CustomerController                 : WARN log
2025-07-08T10:53:18.692+05:30 ERROR 21164 --- [adhivedha] [http-nio-8080-exec-3] c.a.c.CustomerController                 : ERROR log
2025-07-08T10:55:51.656+05:30  INFO 21164 --- [adhivedha] [http-nio-8080-exec-4] c.a.c.CustomerController                 : INFO log
2025-07-08T10:55:51.657+05:30  WARN 21164 --- [adhivedha] [http-nio-8080-exec-4] c.a.c.CustomerController                 : WARN log
2025-07-08T10:55:51.658+05:30 ERROR 21164 --- [adhivedha] [http-nio-8080-exec-4] c.a.c.CustomerController                 : ERROR log
2025-07-08T10:56:14.008+05:30  INFO 21164 --- [adhivedha] [http-nio-8080-exec-7] c.a.c.CustomerController                 : INFO log
2025-07-08T10:56:14.010+05:30  WARN 21164 --- [adhivedha] [http-nio-8080-exec-7] c.a.c.CustomerController                 : WARN log
2025-07-08T10:56:14.010+05:30 ERROR 21164 --- [adhivedha] [http-nio-8080-exec-7] c.a.c.CustomerController                 : ERROR log
2025-07-08T10:56:54.942+05:30  INFO 21164 --- [adhivedha] [http-nio-8080-exec-6] c.a.c.CustomerController                 : INFO log
2025-07-08T10:56:54.942+05:30  WARN 21164 --- [adhivedha] [http-nio-8080-exec-6] c.a.c.CustomerController                 : WARN log
2025-07-08T10:56:54.942+05:30 ERROR 21164 --- [adhivedha] [http-nio-8080-exec-6] c.a.c.CustomerController                 : ERROR log
2025-07-08T10:57:52.166+05:30  INFO 21164 --- [adhivedha] [http-nio-8080-exec-7] c.a.c.CustomerController                 : INFO log
2025-07-08T10:57:52.167+05:30  WARN 21164 --- [adhivedha] [http-nio-8080-exec-7] c.a.c.CustomerController                 : WARN log
2025-07-08T10:57:52.167+05:30 ERROR 21164 --- [adhivedha] [http-nio-8080-exec-7] c.a.c.CustomerController                 : ERROR log
2025-07-08T11:07:14.525+05:30  INFO 22296 --- [adhivedha] [main] c.a.SpringBootDataMongodbApplication     : Starting SpringBootDataMongodbApplication using Java 17.0.14 with PID 22296 (D:\H\av-be\bin\main started by user in D:\H\av-be)
2025-07-08T11:07:14.540+05:30  INFO 22296 --- [adhivedha] [main] c.a.SpringBootDataMongodbApplication     : No active profile set, falling back to 1 default profile: "default"
2025-07-08T11:07:15.439+05:30  INFO 22296 --- [adhivedha] [main] .s.d.r.c.RepositoryConfigurationDelegate : Bootstrapping Spring Data MongoDB repositories in DEFAULT mode.
2025-07-08T11:07:15.518+05:30  INFO 22296 --- [adhivedha] [main] .s.d.r.c.RepositoryConfigurationDelegate : Finished Spring Data repository scanning in 69 ms. Found 4 MongoDB repository interfaces.
2025-07-08T11:07:16.128+05:30  INFO 22296 --- [adhivedha] [main] o.s.b.w.e.t.TomcatWebServer              : Tomcat initialized with port 8080 (http)
2025-07-08T11:07:16.150+05:30  INFO 22296 --- [adhivedha] [main] o.a.c.c.StandardService                  : Starting service [Tomcat]
2025-07-08T11:07:16.151+05:30  INFO 22296 --- [adhivedha] [main] o.a.c.c.StandardEngine                   : Starting Servlet engine: [Apache Tomcat/10.1.34]
2025-07-08T11:07:16.223+05:30  INFO 22296 --- [adhivedha] [main] o.a.c.c.C.[.[.[/]                        : Initializing Spring embedded WebApplicationContext
2025-07-08T11:07:16.223+05:30  INFO 22296 --- [adhivedha] [main] w.s.c.ServletWebServerApplicationContext : Root WebApplicationContext: initialization completed in 1588 ms
2025-07-08T11:07:16.564+05:30  INFO 22296 --- [adhivedha] [main] o.m.d.client                             : MongoClient with metadata {"driver": {"name": "mongo-java-driver|sync|spring-boot", "version": "5.2.1"}, "os": {"type": "Windows", "name": "Windows 11", "architecture": "amd64", "version": "10.0"}, "platform": "Java/Oracle Corporation/17.0.14+8-LTS-191"} created with settings MongoClientSettings{readPreference=primary, writeConcern=WriteConcern{w=null, wTimeout=null ms, journal=null}, retryWrites=true, retryReads=true, readConcern=ReadConcern{level=null}, credential=null, transportSettings=null, commandListeners=[], codecRegistry=ProvidersCodecRegistry{codecProviders=[ValueCodecProvider{}, BsonValueCodecProvider{}, DBRefCodecProvider{}, DBObjectCodecProvider{}, DocumentCodecProvider{}, CollectionCodecProvider{}, IterableCodecProvider{}, MapCodecProvider{}, GeoJsonCodecProvider{}, GridFSFileCodecProvider{}, Jsr310CodecProvider{}, JsonObjectCodecProvider{}, BsonCodecProvider{}, EnumCodecProvider{}, com.mongodb.client.model.mql.ExpressionCodecProvider@ef86c72, com.mongodb.Jep395RecordCodecProvider@123307c4, com.mongodb.KotlinCodecProvider@1693ff90]}, loggerSettings=LoggerSettings{maxDocumentLength=1000}, clusterSettings={hosts=[localhost:27017], srvServiceName=mongodb, mode=SINGLE, requiredClusterType=UNKNOWN, requiredReplicaSetName='null', serverSelector='null', clusterListeners='[]', serverSelectionTimeout='30000 ms', localThreshold='15 ms'}, socketSettings=SocketSettings{connectTimeoutMS=10000, readTimeoutMS=0, receiveBufferSize=0, proxySettings=ProxySettings{host=null, port=null, username=null, password=null}}, heartbeatSocketSettings=SocketSettings{connectTimeoutMS=10000, readTimeoutMS=10000, receiveBufferSize=0, proxySettings=ProxySettings{host=null, port=null, username=null, password=null}}, connectionPoolSettings=ConnectionPoolSettings{maxSize=100, minSize=0, maxWaitTimeMS=120000, maxConnectionLifeTimeMS=0, maxConnectionIdleTimeMS=0, maintenanceInitialDelayMS=0, maintenanceFrequencyMS=60000, connectionPoolListeners=[], maxConnecting=2}, serverSettings=ServerSettings{heartbeatFrequencyMS=10000, minHeartbeatFrequencyMS=500, serverMonitoringMode=AUTO, serverListeners='[]', serverMonitorListeners='[]'}, sslSettings=SslSettings{enabled=false, invalidHostNameAllowed=false, context=null}, applicationName='null', compressorList=[], uuidRepresentation=JAVA_LEGACY, serverApi=null, autoEncryptionSettings=null, dnsClient=null, inetAddressResolver=null, contextProvider=null, timeoutMS=null}
2025-07-08T11:07:16.590+05:30  INFO 22296 --- [adhivedha] [cluster-ClusterId{value='686cae8c8a18dd36ac81bf7a', description='null'}-localhost:27017] o.m.d.cluster                            : Monitor thread successfully connected to server with description ServerDescription{address=localhost:27017, type=STANDALONE, cryptd=false, state=CONNECTED, ok=true, minWireVersion=0, maxWireVersion=25, maxDocumentSize=16777216, logicalSessionTimeoutMinutes=30, roundTripTimeNanos=28906600, minRoundTripTimeNanos=0}
2025-07-08T11:07:17.373+05:30  WARN 22296 --- [adhivedha] [main] .s.s.UserDetailsServiceAutoConfiguration : 

Using generated security password: 2b0e4b82-0628-4bb5-bbe6-61f070e29feb

This generated password is for development use only. Your security configuration must be updated before running your application in production.

2025-07-08T11:07:17.408+05:30  INFO 22296 --- [adhivedha] [main] r$InitializeUserDetailsManagerConfigurer : Global AuthenticationManager configured with UserDetailsService bean with name inMemoryUserDetailsManager
2025-07-08T11:07:17.507+05:30  INFO 22296 --- [adhivedha] [main] o.s.b.a.w.s.WelcomePageHandlerMapping    : Adding welcome page: class path resource [public/index.html]
2025-07-08T11:07:18.034+05:30  INFO 22296 --- [adhivedha] [main] o.s.b.w.e.t.TomcatWebServer              : Tomcat started on port 8080 (http) with context path '/'
2025-07-08T11:07:18.047+05:30  INFO 22296 --- [adhivedha] [main] c.a.SpringBootDataMongodbApplication     : Started SpringBootDataMongodbApplication in 4.774 seconds (process running for 6.262)
2025-07-08T11:07:44.558+05:30  INFO 22296 --- [adhivedha] [http-nio-8080-exec-1] o.a.c.c.C.[.[.[/]                        : Initializing Spring DispatcherServlet 'dispatcherServlet'
2025-07-08T11:07:44.558+05:30  INFO 22296 --- [adhivedha] [http-nio-8080-exec-1] o.s.w.s.DispatcherServlet                : Initializing Servlet 'dispatcherServlet'
2025-07-08T11:07:44.560+05:30  INFO 22296 --- [adhivedha] [http-nio-8080-exec-1] o.s.w.s.DispatcherServlet                : Completed initialization in 1 ms
2025-07-08T11:07:44.711+05:30  INFO 22296 --- [adhivedha] [http-nio-8080-exec-1] c.a.c.CustomerController                 : INFO log
2025-07-08T11:07:44.713+05:30  WARN 22296 --- [adhivedha] [http-nio-8080-exec-1] c.a.c.CustomerController                 : WARN log
2025-07-08T11:07:44.715+05:30 ERROR 22296 --- [adhivedha] [http-nio-8080-exec-1] c.a.c.CustomerController                 : ERROR log
2025-07-08T11:11:28.054+05:30  INFO 22296 --- [adhivedha] [http-nio-8080-exec-9] c.a.c.CustomerController                 : INFO log
2025-07-08T11:11:28.055+05:30  WARN 22296 --- [adhivedha] [http-nio-8080-exec-9] c.a.c.CustomerController                 : WARN log
2025-07-08T11:11:28.056+05:30 ERROR 22296 --- [adhivedha] [http-nio-8080-exec-9] c.a.c.CustomerController                 : ERROR log
2025-07-08T11:11:52.293+05:30  INFO 22296 --- [adhivedha] [http-nio-8080-exec-5] c.a.c.CustomerController                 : INFO log
2025-07-08T11:11:52.294+05:30  WARN 22296 --- [adhivedha] [http-nio-8080-exec-5] c.a.c.CustomerController                 : WARN log
2025-07-08T11:11:52.295+05:30 ERROR 22296 --- [adhivedha] [http-nio-8080-exec-5] c.a.c.CustomerController                 : ERROR log
2025-07-08T11:12:25.413+05:30  INFO 22296 --- [adhivedha] [http-nio-8080-exec-2] c.a.c.CustomerController                 : INFO log
2025-07-08T11:12:25.415+05:30  WARN 22296 --- [adhivedha] [http-nio-8080-exec-2] c.a.c.CustomerController                 : WARN log
2025-07-08T11:12:25.416+05:30 ERROR 22296 --- [adhivedha] [http-nio-8080-exec-2] c.a.c.CustomerController                 : ERROR log
2025-07-08T11:15:17.609+05:30  INFO 22296 --- [adhivedha] [http-nio-8080-exec-5] c.a.c.CustomerController                 : INFO log
2025-07-08T11:15:17.611+05:30  WARN 22296 --- [adhivedha] [http-nio-8080-exec-5] c.a.c.CustomerController                 : WARN log
2025-07-08T11:15:17.612+05:30 ERROR 22296 --- [adhivedha] [http-nio-8080-exec-5] c.a.c.CustomerController                 : ERROR log
2025-07-08T11:23:06.756+05:30  INFO 22296 --- [adhivedha] [http-nio-8080-exec-3] c.a.c.CustomerController                 : INFO log
2025-07-08T11:23:06.757+05:30  WARN 22296 --- [adhivedha] [http-nio-8080-exec-3] c.a.c.CustomerController                 : WARN log
2025-07-08T11:23:06.757+05:30 ERROR 22296 --- [adhivedha] [http-nio-8080-exec-3] c.a.c.CustomerController                 : ERROR log
2025-07-08T11:23:12.344+05:30  INFO 22296 --- [adhivedha] [http-nio-8080-exec-5] c.a.c.CustomerController                 : INFO log
2025-07-08T11:23:12.345+05:30  WARN 22296 --- [adhivedha] [http-nio-8080-exec-5] c.a.c.CustomerController                 : WARN log
2025-07-08T11:23:12.345+05:30 ERROR 22296 --- [adhivedha] [http-nio-8080-exec-5] c.a.c.CustomerController                 : ERROR log
2025-07-08T11:23:37.315+05:30  INFO 22296 --- [adhivedha] [http-nio-8080-exec-10] c.a.c.CustomerController                 : INFO log
2025-07-08T11:23:37.316+05:30  WARN 22296 --- [adhivedha] [http-nio-8080-exec-10] c.a.c.CustomerController                 : WARN log
2025-07-08T11:23:37.316+05:30 ERROR 22296 --- [adhivedha] [http-nio-8080-exec-10] c.a.c.CustomerController                 : ERROR log
2025-07-08T11:25:14.085+05:30  INFO 22296 --- [adhivedha] [http-nio-8080-exec-6] c.a.c.CustomerController                 : INFO log
2025-07-08T11:25:14.089+05:30  WARN 22296 --- [adhivedha] [http-nio-8080-exec-6] c.a.c.CustomerController                 : WARN log
2025-07-08T11:25:14.090+05:30 ERROR 22296 --- [adhivedha] [http-nio-8080-exec-6] c.a.c.CustomerController                 : ERROR log
2025-07-08T11:25:19.584+05:30  INFO 22296 --- [adhivedha] [http-nio-8080-exec-8] c.a.c.CustomerController                 : INFO log
2025-07-08T11:25:19.586+05:30  WARN 22296 --- [adhivedha] [http-nio-8080-exec-8] c.a.c.CustomerController                 : WARN log
2025-07-08T11:25:19.587+05:30 ERROR 22296 --- [adhivedha] [http-nio-8080-exec-8] c.a.c.CustomerController                 : ERROR log
2025-07-08T11:30:25.006+05:30  INFO 22296 --- [adhivedha] [http-nio-8080-exec-9] c.a.c.CustomerController                 : INFO log
2025-07-08T11:30:25.008+05:30  WARN 22296 --- [adhivedha] [http-nio-8080-exec-9] c.a.c.CustomerController                 : WARN log
2025-07-08T11:30:25.008+05:30 ERROR 22296 --- [adhivedha] [http-nio-8080-exec-9] c.a.c.CustomerController                 : ERROR log
2025-07-08T11:31:16.561+05:30  INFO 22296 --- [adhivedha] [http-nio-8080-exec-9] c.a.c.CustomerController                 : INFO log
2025-07-08T11:31:16.562+05:30  WARN 22296 --- [adhivedha] [http-nio-8080-exec-9] c.a.c.CustomerController                 : WARN log
2025-07-08T11:31:16.562+05:30 ERROR 22296 --- [adhivedha] [http-nio-8080-exec-9] c.a.c.CustomerController                 : ERROR log
2025-07-08T11:32:28.524+05:30  INFO 22296 --- [adhivedha] [http-nio-8080-exec-10] c.a.c.CustomerController                 : INFO log
2025-07-08T11:32:28.526+05:30  WARN 22296 --- [adhivedha] [http-nio-8080-exec-10] c.a.c.CustomerController                 : WARN log
2025-07-08T11:32:28.528+05:30 ERROR 22296 --- [adhivedha] [http-nio-8080-exec-10] c.a.c.CustomerController                 : ERROR log
2025-07-08T11:32:35.452+05:30  INFO 22296 --- [adhivedha] [http-nio-8080-exec-10] c.a.c.CustomerController                 : INFO log
2025-07-08T11:32:35.453+05:30  WARN 22296 --- [adhivedha] [http-nio-8080-exec-10] c.a.c.CustomerController                 : WARN log
2025-07-08T11:32:35.453+05:30 ERROR 22296 --- [adhivedha] [http-nio-8080-exec-10] c.a.c.CustomerController                 : ERROR log
2025-07-08T11:32:39.271+05:30  INFO 22296 --- [adhivedha] [http-nio-8080-exec-6] c.a.c.CustomerController                 : INFO log
2025-07-08T11:32:39.272+05:30  WARN 22296 --- [adhivedha] [http-nio-8080-exec-6] c.a.c.CustomerController                 : WARN log
2025-07-08T11:32:39.272+05:30 ERROR 22296 --- [adhivedha] [http-nio-8080-exec-6] c.a.c.CustomerController                 : ERROR log
2025-07-08T11:32:58.024+05:30  INFO 22296 --- [adhivedha] [http-nio-8080-exec-2] c.a.c.CustomerController                 : INFO log
2025-07-08T11:32:58.030+05:30  WARN 22296 --- [adhivedha] [http-nio-8080-exec-2] c.a.c.CustomerController                 : WARN log
2025-07-08T11:32:58.031+05:30 ERROR 22296 --- [adhivedha] [http-nio-8080-exec-2] c.a.c.CustomerController                 : ERROR log
2025-07-08T11:33:21.744+05:30  INFO 22296 --- [adhivedha] [http-nio-8080-exec-1] c.a.c.CustomerController                 : INFO log
2025-07-08T11:33:21.746+05:30  WARN 22296 --- [adhivedha] [http-nio-8080-exec-1] c.a.c.CustomerController                 : WARN log
2025-07-08T11:33:21.747+05:30 ERROR 22296 --- [adhivedha] [http-nio-8080-exec-1] c.a.c.CustomerController                 : ERROR log
2025-07-08T11:33:24.116+05:30  INFO 22296 --- [adhivedha] [http-nio-8080-exec-5] c.a.c.CustomerController                 : INFO log
2025-07-08T11:33:24.117+05:30  WARN 22296 --- [adhivedha] [http-nio-8080-exec-5] c.a.c.CustomerController                 : WARN log
2025-07-08T11:33:24.118+05:30 ERROR 22296 --- [adhivedha] [http-nio-8080-exec-5] c.a.c.CustomerController                 : ERROR log
2025-07-08T11:34:35.479+05:30  INFO 22296 --- [adhivedha] [http-nio-8080-exec-5] c.a.c.CustomerController                 : INFO log
2025-07-08T11:34:35.480+05:30  WARN 22296 --- [adhivedha] [http-nio-8080-exec-5] c.a.c.CustomerController                 : WARN log
2025-07-08T11:34:35.480+05:30 ERROR 22296 --- [adhivedha] [http-nio-8080-exec-5] c.a.c.CustomerController                 : ERROR log
2025-07-08T11:35:13.114+05:30  INFO 22296 --- [adhivedha] [http-nio-8080-exec-7] c.a.c.CustomerController                 : INFO log
2025-07-08T11:35:13.115+05:30  WARN 22296 --- [adhivedha] [http-nio-8080-exec-7] c.a.c.CustomerController                 : WARN log
2025-07-08T11:35:13.115+05:30 ERROR 22296 --- [adhivedha] [http-nio-8080-exec-7] c.a.c.CustomerController                 : ERROR log
2025-07-08T11:35:21.427+05:30  INFO 22296 --- [adhivedha] [http-nio-8080-exec-7] c.a.c.CustomerController                 : INFO log
2025-07-08T11:35:21.427+05:30  WARN 22296 --- [adhivedha] [http-nio-8080-exec-7] c.a.c.CustomerController                 : WARN log
2025-07-08T11:35:21.427+05:30 ERROR 22296 --- [adhivedha] [http-nio-8080-exec-7] c.a.c.CustomerController                 : ERROR log
2025-07-08T11:41:10.768+05:30  INFO 22296 --- [adhivedha] [http-nio-8080-exec-4] c.a.c.CustomerController                 : INFO log
2025-07-08T11:41:10.769+05:30  WARN 22296 --- [adhivedha] [http-nio-8080-exec-4] c.a.c.CustomerController                 : WARN log
2025-07-08T11:41:10.769+05:30 ERROR 22296 --- [adhivedha] [http-nio-8080-exec-4] c.a.c.CustomerController                 : ERROR log
2025-07-08T11:41:16.535+05:30  INFO 22296 --- [adhivedha] [http-nio-8080-exec-6] c.a.c.CustomerController                 : INFO log
2025-07-08T11:41:16.537+05:30  WARN 22296 --- [adhivedha] [http-nio-8080-exec-6] c.a.c.CustomerController                 : WARN log
2025-07-08T11:41:16.537+05:30 ERROR 22296 --- [adhivedha] [http-nio-8080-exec-6] c.a.c.CustomerController                 : ERROR log
2025-07-08T11:41:42.150+05:30  INFO 22296 --- [adhivedha] [http-nio-8080-exec-3] c.a.c.CustomerController                 : INFO log
2025-07-08T11:41:42.151+05:30  WARN 22296 --- [adhivedha] [http-nio-8080-exec-3] c.a.c.CustomerController                 : WARN log
2025-07-08T11:41:42.151+05:30 ERROR 22296 --- [adhivedha] [http-nio-8080-exec-3] c.a.c.CustomerController                 : ERROR log
2025-07-08T11:56:48.093+05:30  INFO 22296 --- [adhivedha] [http-nio-8080-exec-10] c.a.c.CustomerController                 : INFO log
2025-07-08T11:56:48.094+05:30  WARN 22296 --- [adhivedha] [http-nio-8080-exec-10] c.a.c.CustomerController                 : WARN log
2025-07-08T11:56:48.094+05:30 ERROR 22296 --- [adhivedha] [http-nio-8080-exec-10] c.a.c.CustomerController                 : ERROR log
2025-07-08T11:58:12.975+05:30  INFO 22296 --- [adhivedha] [http-nio-8080-exec-5] c.a.c.CustomerController                 : INFO log
2025-07-08T11:58:12.977+05:30  WARN 22296 --- [adhivedha] [http-nio-8080-exec-5] c.a.c.CustomerController                 : WARN log
2025-07-08T11:58:12.977+05:30 ERROR 22296 --- [adhivedha] [http-nio-8080-exec-5] c.a.c.CustomerController                 : ERROR log
2025-07-08T12:01:44.229+05:30  INFO 22296 --- [adhivedha] [http-nio-8080-exec-10] c.a.c.CustomerController                 : INFO log
2025-07-08T12:01:44.231+05:30  WARN 22296 --- [adhivedha] [http-nio-8080-exec-10] c.a.c.CustomerController                 : WARN log
2025-07-08T12:01:44.231+05:30 ERROR 22296 --- [adhivedha] [http-nio-8080-exec-10] c.a.c.CustomerController                 : ERROR log
